{
  "return_pct": 3.5908755585376526,
  "pf": 1.1884648226108627,
  "sharpe": 0.3035704273522631,
  "sortino": 0.4843995389126433,
  "max_dd_pct": 3.919610761389125,
  "trades": 232.0,
  "win_rate": 49.137931034482754,
  "expectancy": 0.016075047511946935,
  "avg_trade": 0.015546389333964683,
  "exposure_pct": 2.5051469031997384
}