{
  "return_pct": -0.15075724726975895,
  "pf": 0.7732246341121894,
  "sharpe": -0.03488179459351719,
  "sortino": -0.05949655268377359,
  "max_dd_pct": 2.0187659207649533,
  "trades": 4.0,
  "win_rate": 25.0,
  "expectancy": -0.12875179879835996,
  "avg_trade": -0.13536357715449032,
  "exposure_pct": 0.019762473885302365
}