{
  "return_pct": -3.146523300348781,
  "pf": 0.9837722023042248,
  "sharpe": -0.12678249789946047,
  "sortino": -0.16701973473512252,
  "max_dd_pct": 8.406729435900406,
  "trades": 1532.0,
  "win_rate": 50.13054830287206,
  "expectancy": -0.001677023603638192,
  "avg_trade": -0.0020867671752022865,
  "exposure_pct": 7.759123675443715
}