{
  "return_pct": 3.174706333283416,
  "pf": 1.4192995006657414,
  "sharpe": 0.34399487820333724,
  "sortino": 0.898223257205733,
  "max_dd_pct": 2.5288016729354768,
  "trades": 102.0,
  "win_rate": 14.705882352941178,
  "expectancy": 0.031940701883071285,
  "avg_trade": 0.03115348707567467,
  "exposure_pct": 1.3776383891636041
}