{
  "return_pct": 17.85909331354613,
  "pf": 1.8804414913048986,
  "sharpe": 0.7834315867436312,
  "sortino": 2.0170793558085527,
  "max_dd_pct": 4.58358846783945,
  "trades": 222.0,
  "win_rate": 10.81081081081081,
  "expectancy": 0.0774249058259187,
  "avg_trade": 0.07502197016002743,
  "exposure_pct": 4.673580512958651
}