{
  "return_pct": -4.534145439177565,
  "pf": 0.7008486694879872,
  "sharpe": -0.5761924548495354,
  "sortino": -0.7362339514271862,
  "max_dd_pct": 6.621189280451167,
  "trades": 152.0,
  "win_rate": 36.84210526315789,
  "expectancy": -0.030451253652948696,
  "avg_trade": -0.030859723024623253,
  "exposure_pct": 1.3487772497258192
}