{
  "return_pct": 3.3986983135820594,
  "pf": 1.130341585519382,
  "sharpe": 0.19983096355413488,
  "sortino": 0.36840715068086494,
  "max_dd_pct": 4.848107761358,
  "trades": 213.0,
  "win_rate": 49.29577464788733,
  "expectancy": 0.01684211377248237,
  "avg_trade": 0.01575440416266005,
  "exposure_pct": 3.7096184557366323
}