{
  "return_pct": -3.3503538661191703,
  "pf": 1.0352763319742495,
  "sharpe": -0.2369727448234817,
  "sortino": -0.33165975767428146,
  "max_dd_pct": 5.796142113784953,
  "trades": 260.0,
  "win_rate": 45.38461538461539,
  "expectancy": 0.008107269094952919,
  "avg_trade": 0.005733354930126389,
  "exposure_pct": 6.147422700248206
}