{
  "return_pct": -0.048084292159776665,
  "pf": 0.6695195035865666,
  "sharpe": -0.2880859567802665,
  "sortino": -0.3906284299426361,
  "max_dd_pct": 0.10250310477807334,
  "trades": 18.0,
  "win_rate": 27.77777777777778,
  "expectancy": -0.27868522162019266,
  "avg_trade": -0.2906952758670145,
  "exposure_pct": 0.09989038003749133
}