{
  "return_pct": 14.247174548855332,
  "pf": 1.7068374794535899,
  "sharpe": 0.6533963342882141,
  "sortino": 1.6714156122074475,
  "max_dd_pct": 4.573238329291196,
  "trades": 223.0,
  "win_rate": 10.31390134529148,
  "expectancy": 0.06261510593464008,
  "avg_trade": 0.060391064162534924,
  "exposure_pct": 4.477324764781714
}