{
  "return_pct": -99.90091575221554,
  "pf": 0.0,
  "sharpe": -22.55041736996632,
  "sortino": -4.40994120567585,
  "max_dd_pct": 99.90091575221552,
  "trades": 869.0,
  "win_rate": 0.0,
  "expectancy": -0.8748666723562158,
  "avg_trade": -0.875596547272528,
  "exposure_pct": 2.1664337054369134
}