{
  "return_pct": -40.367312279340986,
  "pf": 0.8303903852516252,
  "sharpe": -2.061908517130446,
  "sortino": -2.4269979063415246,
  "max_dd_pct": 41.33127895065903,
  "trades": 3966.0,
  "win_rate": 34.72012102874433,
  "expectancy": -0.013417219757466287,
  "avg_trade": -0.01358867157281729,
  "exposure_pct": 11.983499592195244
}