{
  "return_pct": -53.801202218112934,
  "pf": 0.7611515578595904,
  "sharpe": -3.1253787769123504,
  "sortino": -3.3348918536759053,
  "max_dd_pct": 54.313691952670275,
  "trades": 3960.0,
  "win_rate": 33.939393939393945,
  "expectancy": -0.019969860420180265,
  "avg_trade": -0.020142039371351395,
  "exposure_pct": 12.052826400652487
}