{
  "return_pct": -5.3921536637212615,
  "pf": 0.9176248870323137,
  "sharpe": -0.38766293967659715,
  "sortino": -0.5806360047243228,
  "max_dd_pct": 9.345073372491687,
  "trades": 218.0,
  "win_rate": 20.18348623853211,
  "expectancy": -0.0173938456908405,
  "avg_trade": -0.020037456489085947,
  "exposure_pct": 6.4995286013891835
}