{
  "return_pct": 2.782583211977547,
  "pf": 1.11492922568838,
  "sharpe": 0.1145571985992397,
  "sortino": 0.20645080125680665,
  "max_dd_pct": 9.244276804285123,
  "trades": 307.0,
  "win_rate": 39.73941368078176,
  "expectancy": 0.018765247086405725,
  "avg_trade": 0.016899150893601167,
  "exposure_pct": 5.196929174763819
}