{
  "return_pct": -3.0234611345101032,
  "pf": 1.0513531352202503,
  "sharpe": -0.2168902031682404,
  "sortino": -0.31018176424118843,
  "max_dd_pct": 7.140110796331567,
  "trades": 270.0,
  "win_rate": 44.44444444444444,
  "expectancy": 0.01137926887530474,
  "avg_trade": 0.00915021962046847,
  "exposure_pct": 6.997864275681604
}