{
  "return_pct": -0.6229549651118345,
  "pf": 0.9347905951347515,
  "sharpe": -0.07664712704718439,
  "sortino": -0.1510132802409983,
  "max_dd_pct": 5.059172659360545,
  "trades": 72.0,
  "win_rate": 12.5,
  "expectancy": -0.007724775517202773,
  "avg_trade": -0.008761139036006504,
  "exposure_pct": 1.1178881342235392
}