{
  "return_pct": 0.9754452113944455,
  "pf": 1.0258434772540383,
  "sharpe": 0.04223895591342694,
  "sortino": 0.073509117730028,
  "max_dd_pct": 8.242387702333897,
  "trades": 178.0,
  "win_rate": 26.40449438202247,
  "expectancy": 0.007267941718332593,
  "avg_trade": 0.004058117152916374,
  "exposure_pct": 8.25428587920651
}