{
  "return_pct": -0.0984092125839903,
  "pf": 0.0,
  "sharpe": -0.831458136313896,
  "sortino": -0.8748081962026882,
  "max_dd_pct": 0.13409718515872138,
  "trades": 7.0,
  "win_rate": 0.0,
  "expectancy": -1.5314357604985198,
  "avg_trade": -1.5358084792017723,
  "exposure_pct": 0.12243470149253732
}