{
  "return_pct": -3.428324042100215,
  "pf": 1.0022138262634346,
  "sharpe": -0.21349008341469036,
  "sortino": -0.32592817417078396,
  "max_dd_pct": 8.765148067324569,
  "trades": 326.0,
  "win_rate": 26.993865030674847,
  "expectancy": 0.0004501361246269067,
  "avg_trade": -0.0018932272509375458,
  "exposure_pct": 8.60446770438497
}