{
  "return_pct": -6.8703730176615645,
  "pf": 0.929658450251224,
  "sharpe": -0.49924484164448274,
  "sortino": -0.7160425658643418,
  "max_dd_pct": 9.327407747505823,
  "trades": 148.0,
  "win_rate": 45.94594594594595,
  "expectancy": -0.025396266308479524,
  "avg_trade": -0.02894285596515278,
  "exposure_pct": 1.1864505597014927
}