{
  "return_pct": -2.139041259094479,
  "pf": 0.9133536436726385,
  "sharpe": -0.20298621049078333,
  "sortino": -0.302456847806589,
  "max_dd_pct": 4.613402470260519,
  "trades": 179.0,
  "win_rate": 35.19553072625698,
  "expectancy": -0.02004330286123163,
  "avg_trade": -0.021654761228939723,
  "exposure_pct": 5.248879225751833
}