{
  "return_pct": 18.493022733164903,
  "pf": 1.9015869689988627,
  "sharpe": 0.7812861912624293,
  "sortino": 2.1771999039836514,
  "max_dd_pct": 4.380244892072637,
  "trades": 222.0,
  "win_rate": 10.36036036036036,
  "expectancy": 0.08022672516700649,
  "avg_trade": 0.07751053109039674,
  "exposure_pct": 4.438843245531333
}