{
  "return_pct": -11.406308790771279,
  "pf": 0.959565462856619,
  "sharpe": -0.38177515612159946,
  "sortino": -0.5019091246614313,
  "max_dd_pct": 21.570313533503484,
  "trades": 4066.0,
  "win_rate": 47.86030496802754,
  "expectancy": -0.002779244435597799,
  "avg_trade": -0.003008297986040187,
  "exposure_pct": 7.023785585947888
}