{
  "return_pct": 17.544027371425205,
  "pf": 1.8616813139048558,
  "sharpe": 0.7670240354595123,
  "sortino": 2.067531323459353,
  "max_dd_pct": 4.4917901700262775,
  "trades": 222.0,
  "win_rate": 10.36036036036036,
  "expectancy": 0.07667576432360473,
  "avg_trade": 0.07409515850307358,
  "exposure_pct": 4.42729878975622
}