{
  "return_pct": -3.084038686156203,
  "pf": 0.9484102217588196,
  "sharpe": -0.13016060415895145,
  "sortino": -0.21449866170506013,
  "max_dd_pct": 12.306264026699253,
  "trades": 182.0,
  "win_rate": 26.373626373626376,
  "expectancy": -0.014412070403451964,
  "avg_trade": -0.017411986451965067,
  "exposure_pct": 8.48902314663383
}