{
  "return_pct": -2.906695801497437,
  "pf": 0.793774281229435,
  "sharpe": -0.3955454293867423,
  "sortino": -0.6216797848218707,
  "max_dd_pct": 3.835511758225296,
  "trades": 81.0,
  "win_rate": 23.456790123456788,
  "expectancy": -0.03498904577433105,
  "avg_trade": -0.03605588004849114,
  "exposure_pct": 1.408423604563908
}