{
  "return_pct": -1.6659076667890536,
  "pf": 1.1942496442250794,
  "sharpe": -0.13171947235058518,
  "sortino": -0.19740531158492952,
  "max_dd_pct": 6.847139480848874,
  "trades": 232.0,
  "win_rate": 37.06896551724138,
  "expectancy": 0.03712323739469846,
  "avg_trade": 0.03414392893503759,
  "exposure_pct": 4.860215881322995
}