{
  "return_pct": 4.838507760583004,
  "pf": 2.3853198133956184,
  "sharpe": 0.6255657309501059,
  "sortino": 1.424001381732724,
  "max_dd_pct": 1.864968999879324,
  "trades": 29.0,
  "win_rate": 62.06896551724138,
  "expectancy": 0.2665026011025653,
  "avg_trade": 0.2635298437968503,
  "exposure_pct": 0.1703337034876061
}