{
  "return_pct": -6.397273769773951,
  "pf": 0.9313826699425758,
  "sharpe": -0.47412669628530496,
  "sortino": -0.7012732252746785,
  "max_dd_pct": 9.477665305374938,
  "trades": 213.0,
  "win_rate": 19.248826291079812,
  "expectancy": -0.014304848224358657,
  "avg_trade": -0.016983573787321404,
  "exposure_pct": 6.23593019452408
}