{
  "return_pct": 15.74631862359962,
  "pf": 1.77591216417055,
  "sharpe": 0.7153609402755157,
  "sortino": 1.8694151333062563,
  "max_dd_pct": 4.573238329291196,
  "trades": 225.0,
  "win_rate": 10.222222222222223,
  "expectancy": 0.06817334804551192,
  "avg_trade": 0.06584011383921062,
  "exposure_pct": 4.404209878205992
}