{
  "return_pct": -0.7900471449276083,
  "pf": 1.2659695948119312,
  "sharpe": -0.04930763008320798,
  "sortino": -0.09482525541563168,
  "max_dd_pct": 6.921635505049917,
  "trades": 223.0,
  "win_rate": 15.695067264573993,
  "expectancy": 0.03400950638268299,
  "avg_trade": 0.03148093945597452,
  "exposure_pct": 3.6788332403363286
}