{
  "return_pct": -0.3583118932750542,
  "pf": 1.1824654720556629,
  "sharpe": -0.024859982828382057,
  "sortino": -0.03606401775656269,
  "max_dd_pct": 5.900558300532488,
  "trades": 258.0,
  "win_rate": 44.96124031007752,
  "expectancy": 0.04165155620346386,
  "avg_trade": 0.038264010348765254,
  "exposure_pct": 7.19796817578358
}