{
  "return_pct": -3.3007449941858185,
  "pf": 1.1530532684281463,
  "sharpe": -0.27529158069160686,
  "sortino": -0.39190273428920624,
  "max_dd_pct": 7.90010849623588,
  "trades": 228.0,
  "win_rate": 35.96491228070175,
  "expectancy": 0.027488874108542005,
  "avg_trade": 0.025352968127845266,
  "exposure_pct": 4.7255305639466645
}