{
  "return_pct": 4.197151343553851,
  "pf": 1.2328801839866579,
  "sharpe": 0.36293971813531206,
  "sortino": 0.5864422581970801,
  "max_dd_pct": 3.6649837255275264,
  "trades": 232.0,
  "win_rate": 47.8448275862069,
  "expectancy": 0.01860343979219776,
  "avg_trade": 0.018098711213632157,
  "exposure_pct": 2.345448598310661
}