{
  "return_pct": -8.32322793528468,
  "pf": 0.8794181909491678,
  "sharpe": -0.6750945444470244,
  "sortino": -0.9301286315448173,
  "max_dd_pct": 10.48928427147956,
  "trades": 216.0,
  "win_rate": 22.685185185185187,
  "expectancy": -0.02475490361996587,
  "avg_trade": -0.027138334666865216,
  "exposure_pct": 5.572123987455025
}