{
  "return_pct": -3.335565451908228,
  "pf": 1.0350541060469793,
  "sharpe": -0.23585884812718713,
  "sortino": -0.33030782829982464,
  "max_dd_pct": 5.804825599188002,
  "trades": 260.0,
  "win_rate": 45.38461538461539,
  "expectancy": 0.008067484865667295,
  "avg_trade": 0.005690608160802135,
  "exposure_pct": 6.17820791564851
}