{
  "return_pct": 6.819954953103744,
  "pf": 1.3691025153131604,
  "sharpe": 0.40517097917520917,
  "sortino": 0.836477478359662,
  "max_dd_pct": 5.404747738886839,
  "trades": 211.0,
  "win_rate": 33.649289099526065,
  "expectancy": 0.04781542304419222,
  "avg_trade": 0.0461869536508841,
  "exposure_pct": 3.538375695072441
}