{
  "return_pct": 2.062912970735645,
  "pf": 1.2009137189115984,
  "sharpe": 0.12287648828417767,
  "sortino": 0.25904736212282936,
  "max_dd_pct": 5.560603550859722,
  "trades": 179.0,
  "win_rate": 11.731843575418994,
  "expectancy": 0.027070634981747554,
  "avg_trade": 0.024986356254386166,
  "exposure_pct": 3.8135185577126585
}