{
  "return_pct": -5.2254970244308,
  "pf": 0.8499200968477274,
  "sharpe": -0.30805452230226893,
  "sortino": -0.48010819853280884,
  "max_dd_pct": 11.068860910503808,
  "trades": 207.0,
  "win_rate": 19.32367149758454,
  "expectancy": -0.02993741654861408,
  "avg_trade": -0.031794968761811315,
  "exposure_pct": 4.5292748157697265
}