{
  "return_pct": 15.136006909217894,
  "pf": 1.7473922485025837,
  "sharpe": 0.6926084164451146,
  "sortino": 1.8009475267365775,
  "max_dd_pct": 4.573238329291196,
  "trades": 223.0,
  "win_rate": 10.31390134529148,
  "expectancy": 0.06620764486186366,
  "avg_trade": 0.0639188605088492,
  "exposure_pct": 4.381120966655764
}