{
  "return_pct": -4.915159160766762,
  "pf": 1.0798291859634808,
  "sharpe": -0.3976440333836387,
  "sortino": -0.559940193842969,
  "max_dd_pct": 6.89820019785582,
  "trades": 265.0,
  "win_rate": 35.84905660377358,
  "expectancy": 0.014622446317165473,
  "avg_trade": 0.012649162556321869,
  "exposure_pct": 5.8761279895330265
}