{
  "return_pct": 18.552650701139658,
  "pf": 1.9037962334656078,
  "sharpe": 0.7844197375647649,
  "sortino": 2.1841960184252396,
  "max_dd_pct": 4.380244892072637,
  "trades": 222.0,
  "win_rate": 9.90990990990991,
  "expectancy": 0.08042331413655604,
  "avg_trade": 0.07766493805934083,
  "exposure_pct": 4.50233775229446
}