{
  "return_pct": -7.262400596133981,
  "pf": 0.8833785472330822,
  "sharpe": -0.42926746113786846,
  "sortino": -0.6223924819639535,
  "max_dd_pct": 8.081833570388097,
  "trades": 238.0,
  "win_rate": 31.092436974789916,
  "expectancy": -0.034464179512028695,
  "avg_trade": -0.03779641184716853,
  "exposure_pct": 9.389490697092722
}