{
  "return_pct": -5.1661985068582466,
  "pf": 0.9600869134979239,
  "sharpe": -0.3509267460649776,
  "sortino": -0.529693821208291,
  "max_dd_pct": 8.558491669027902,
  "trades": 255.0,
  "win_rate": 20.784313725490197,
  "expectancy": -0.008368062359563954,
  "avg_trade": -0.01095589635806693,
  "exposure_pct": 7.800203952052027
}