{
  "return_pct": -1.1057637568261476,
  "pf": 1.1183412532581203,
  "sharpe": -0.12683539831849655,
  "sortino": -0.1938890545949708,
  "max_dd_pct": 5.282255912314005,
  "trades": 248.0,
  "win_rate": 33.064516129032256,
  "expectancy": 0.012605834749586375,
  "avg_trade": 0.011559210285327914,
  "exposure_pct": 2.8360879687530063
}