{
  "return_pct": 0.48490942391244457,
  "pf": 1.1028938807133781,
  "sharpe": 0.07278145426338145,
  "sortino": 0.12381904599176387,
  "max_dd_pct": 2.7509182943578847,
  "trades": 79.0,
  "win_rate": 40.50632911392405,
  "expectancy": 0.011915906128730454,
  "avg_trade": 0.011272455200450615,
  "exposure_pct": 1.1217362861485771
}