{
  "return_pct": -1.7427013203180162,
  "pf": 0.6174493913992986,
  "sharpe": -0.4189499148683539,
  "sortino": -0.601237162740083,
  "max_dd_pct": 3.4215400919244354,
  "trades": 67.0,
  "win_rate": 5.970149253731343,
  "expectancy": -0.026303451429495767,
  "avg_trade": -0.02655633108127331,
  "exposure_pct": 1.0582417793854502
}