{
  "return_pct": -5.246803491615911,
  "pf": 0.9716039109652891,
  "sharpe": -0.3376280792822425,
  "sortino": -0.4891238091446435,
  "max_dd_pct": 7.74951487657034,
  "trades": 217.0,
  "win_rate": 35.02304147465438,
  "expectancy": -0.007640850693662981,
  "avg_trade": -0.01074979450412794,
  "exposure_pct": 7.765570584726684
}