{
  "return_pct": 20.218101309145496,
  "pf": 1.9791363520974583,
  "sharpe": 0.8368503187027165,
  "sortino": 2.3618651127122274,
  "max_dd_pct": 4.382266688362469,
  "trades": 222.0,
  "win_rate": 10.36036036036036,
  "expectancy": 0.08720359624713832,
  "avg_trade": 0.08432034758969476,
  "exposure_pct": 4.602389702345448
}