{
  "return_pct": -3.7197552448888658,
  "pf": 1.0576360420586484,
  "sharpe": -0.2708480251138417,
  "sortino": -0.3853402919362005,
  "max_dd_pct": 7.281874169174896,
  "trades": 332.0,
  "win_rate": 36.44578313253012,
  "expectancy": 0.010523783528261917,
  "avg_trade": 0.008680434602958975,
  "exposure_pct": 7.074827314182364
}