{
  "return_pct": 17.114016677916073,
  "pf": 1.8519193628376733,
  "sharpe": 0.7691825427035337,
  "sortino": 1.9355464048374054,
  "max_dd_pct": 4.673802648365899,
  "trades": 222.0,
  "win_rate": 11.26126126126126,
  "expectancy": 0.07491670609619362,
  "avg_trade": 0.07264322750848429,
  "exposure_pct": 4.535047043657284
}