{
  "return_pct": -6.4574827476922545,
  "pf": 0.5603371003430837,
  "sharpe": -0.6015970960835003,
  "sortino": -0.8866601036468017,
  "max_dd_pct": 8.285095642943464,
  "trades": 122.0,
  "win_rate": 6.557377049180328,
  "expectancy": -0.05470780504274923,
  "avg_trade": -0.055558014326118066,
  "exposure_pct": 1.6643257075789353
}