{
  "return_pct": -3.76591271345627,
  "pf": 0.8395366312524656,
  "sharpe": -0.2821266580362835,
  "sortino": -0.41861861778802306,
  "max_dd_pct": 5.122128077662669,
  "trades": 151.0,
  "win_rate": 27.1523178807947,
  "expectancy": -0.034600730504101736,
  "avg_trade": -0.036148642938638176,
  "exposure_pct": 3.934735343351355
}