{
  "return_pct": 15.29048057980791,
  "pf": 1.699926607488891,
  "sharpe": 0.6770135698610696,
  "sortino": 1.7518425880194533,
  "max_dd_pct": 5.048243489349558,
  "trades": 221.0,
  "win_rate": 10.407239819004525,
  "expectancy": 0.06804104756950684,
  "avg_trade": 0.06546834510867683,
  "exposure_pct": 4.650491601408423
}