{
  "return_pct": -2.001836613503657,
  "pf": 0.8969337699686273,
  "sharpe": -0.18846148050984127,
  "sortino": -0.25223443316883076,
  "max_dd_pct": 6.756306512103616,
  "trades": 224.0,
  "win_rate": 38.392857142857146,
  "expectancy": -0.008776537946017118,
  "avg_trade": -0.009257150487107513,
  "exposure_pct": 2.0433686721951783
}