{
  "return_pct": -0.5013664099875604,
  "pf": 1.0845493236336956,
  "sharpe": -0.031165641803148826,
  "sortino": -0.05204943845281578,
  "max_dd_pct": 6.752000432512107,
  "trades": 217.0,
  "win_rate": 38.24884792626728,
  "expectancy": 0.012272218652517352,
  "avg_trade": 0.010881232315074207,
  "exposure_pct": 3.571084986435265
}