{
  "return_pct": -2.3447671614166814,
  "pf": 1.130620095452387,
  "sharpe": -0.16941827993478006,
  "sortino": -0.26813001211981763,
  "max_dd_pct": 6.683908648015368,
  "trades": 226.0,
  "win_rate": 26.548672566371685,
  "expectancy": 0.02649665435187715,
  "avg_trade": 0.023900797437925725,
  "exposure_pct": 6.018509610759433
}