{
  "return_pct": 19.711371588736725,
  "pf": 1.955652574193676,
  "sharpe": 0.8238607662025398,
  "sortino": 2.3109941565894516,
  "max_dd_pct": 4.380244892072637,
  "trades": 222.0,
  "win_rate": 10.36036036036036,
  "expectancy": 0.0850376936016641,
  "avg_trade": 0.08221891861766029,
  "exposure_pct": 4.525426663844689
}