{
  "M15": {
    "timeframe": "M15",
    "bars": 154968.0,
    "trades": 68727.0,
    "gross_profit": 8352105.528696667,
    "gross_loss": 5265890.176890951,
    "pf_gross": 1.5860766647488,
    "net_pnl": 2713987.8584492104,
    "pf_net": 1.497250551614047,
    "win_rate": 0.47522807630189007
  },
  "H1": {
    "timeframe": "H1",
    "bars": 38774.0,
    "trades": 16711.0,
    "gross_profit": 1453778.1331020417,
    "gross_loss": 927573.5188004203,
    "pf_gross": 1.5672915446984006,
    "net_pnl": 495916.14340527623,
    "pf_net": 1.5255916664681402,
    "win_rate": 0.46268924660403327
  },
  "D1": {
    "timeframe": "D1",
    "bars": 1641.0,
    "trades": 712.0,
    "gross_profit": 112604.9674979041,
    "gross_loss": 88200.70286841564,
    "pf_gross": 1.276690137786051,
    "net_pnl": 23985.463819727538,
    "pf_net": 1.2712632018694527,
    "win_rate": 0.44241573033707865
  }
}