{
  "timeframe": "H1",
  "bars": 38774.0,
  "trades": 16711.0,
  "gross_profit": 1453778.1331020417,
  "gross_loss": 927573.5188004203,
  "pf_gross": 1.5672915446984006,
  "net_pnl": 495916.14340527623,
  "pf_net": 1.5255916664681402,
  "win_rate": 0.46268924660403327
}