{
  "timeframe": "M15",
  "bars": 154968.0,
  "trades": 68727.0,
  "gross_profit": 8352105.528696667,
  "gross_loss": 5265890.176890951,
  "pf_gross": 1.5860766647488,
  "net_pnl": 2713987.8584492104,
  "pf_net": 1.497250551614047,
  "win_rate": 0.47522807630189007
}