{
  "timeframe": "D1",
  "bars": 1641.0,
  "trades": 712.0,
  "gross_profit": 112604.9674979041,
  "gross_loss": 88200.70286841564,
  "pf_gross": 1.276690137786051,
  "net_pnl": 23985.463819727538,
  "pf_net": 1.2712632018694527,
  "win_rate": 0.44241573033707865
}