{
  "return_pct": -11.98479944809489,
  "pf": 0.6555701189868727,
  "sharpe": -0.8446537163082588,
  "sortino": -1.0606541123266673,
  "max_dd_pct": 14.010748080234425,
  "trades": 226.0,
  "win_rate": 38.93805309734513,
  "expectancy": -0.057274075314687846,
  "avg_trade": -0.05826680633733705,
  "exposure_pct": 3.284397668019933
}