{
  "return_pct": -4.6737502123788115,
  "pf": 0.8375743528803344,
  "sharpe": -0.32733678212429185,
  "sortino": -0.5139222880201634,
  "max_dd_pct": 10.69173458489997,
  "trades": 180.0,
  "win_rate": 42.22222222222222,
  "expectancy": -0.02587012336254413,
  "avg_trade": -0.026941311856132355,
  "exposure_pct": 3.0669770842552864
}