{
  "return_pct": 9.138580223172507,
  "pf": 1.8292906502270772,
  "sharpe": 0.5598235099772892,
  "sortino": 1.4595460088806003,
  "max_dd_pct": 3.3426918635049097,
  "trades": 135.0,
  "win_rate": 17.77777777777778,
  "expectancy": 0.08387363519832544,
  "avg_trade": 0.08169837465752394,
  "exposure_pct": 2.21268735689685
}