{
  "return_pct": 1.4292568573905853,
  "pf": 1.7514901144248762,
  "sharpe": 0.20179246263967618,
  "sortino": 0.3264231202432556,
  "max_dd_pct": 2.5209330015395714,
  "trades": 63.0,
  "win_rate": 14.285714285714285,
  "expectancy": 0.06874237113470862,
  "avg_trade": 0.0667808794095226,
  "exposure_pct": 1.2044715525368943
}