{
  "return_pct": -3.064556303952739,
  "pf": 0.7289020996453834,
  "sharpe": -0.3502481099891065,
  "sortino": -0.49233541544829806,
  "max_dd_pct": 5.3774002579330515,
  "trades": 53.0,
  "win_rate": 39.62264150943396,
  "expectancy": -0.05903818109018388,
  "avg_trade": -0.06088238743794383,
  "exposure_pct": 1.065938083235526
}