{
  "return_pct": 15.447751404741522,
  "pf": 1.7629176659425232,
  "sharpe": 0.7062279054291093,
  "sortino": 1.8359772433952888,
  "max_dd_pct": 4.58358846783945,
  "trades": 223.0,
  "win_rate": 10.31390134529148,
  "expectancy": 0.06758296194102137,
  "avg_trade": 0.06526175039178739,
  "exposure_pct": 4.342639447405384
}