{
  "return_pct": -2.474004957735434,
  "pf": 1.0251209192970734,
  "sharpe": -0.1641267563464842,
  "sortino": -0.2537417740308326,
  "max_dd_pct": 8.579463701941448,
  "trades": 268.0,
  "win_rate": 27.611940298507463,
  "expectancy": 0.005176739178643355,
  "avg_trade": 0.0026904138953787182,
  "exposure_pct": 7.336501645084947
}