{
  "return_pct": -7.372889714484161,
  "pf": 0.7383669970243589,
  "sharpe": -0.4846570475024365,
  "sortino": -0.7206297345381605,
  "max_dd_pct": 9.531553781653269,
  "trades": 148.0,
  "win_rate": 14.864864864864865,
  "expectancy": -0.05086412981799511,
  "avg_trade": -0.0524138498495641,
  "exposure_pct": 3.29016989590749
}