{
  "return_pct": 13.738951773512758,
  "pf": 1.6955437753566756,
  "sharpe": 0.6316836424228589,
  "sortino": 1.6487432141007141,
  "max_dd_pct": 4.519172424612739,
  "trades": 222.0,
  "win_rate": 9.90990990990991,
  "expectancy": 0.06145006771150355,
  "avg_trade": 0.05913971479465374,
  "exposure_pct": 4.1848652184788255
}