{
  "return_pct": 11.99036934659849,
  "pf": 1.183832293655862,
  "sharpe": 0.416423647077276,
  "sortino": 0.7459479762122742,
  "max_dd_pct": 6.9137039965533,
  "trades": 252.0,
  "win_rate": 31.349206349206348,
  "expectancy": 0.050961820387633604,
  "avg_trade": 0.047347729923297166,
  "exposure_pct": 11.08267754410944
}