{
  "return_pct": -2.1894154286882372,
  "pf": 0.5491164660977168,
  "sharpe": -0.44013281030228346,
  "sortino": -0.5294304631364978,
  "max_dd_pct": 2.9402074958579605,
  "trades": 17.0,
  "win_rate": 41.17647058823529,
  "expectancy": -0.1798025583340974,
  "avg_trade": -0.18182722081037106,
  "exposure_pct": 0.41533345881171974
}