{
  "return_pct": -1.4039165424859386,
  "pf": 0.9559177162480964,
  "sharpe": -0.08355808338771466,
  "sortino": -0.13510375551872358,
  "max_dd_pct": 6.885600600999187,
  "trades": 89.0,
  "win_rate": 37.07865168539326,
  "expectancy": -0.013385086817790251,
  "avg_trade": -0.016133154124098326,
  "exposure_pct": 3.245916148769554
}