{
  "return_pct": 4.6197282893435565,
  "pf": 1.5345086683582088,
  "sharpe": 0.40519101058479684,
  "sortino": 0.8324064011414403,
  "max_dd_pct": 2.889324888427558,
  "trades": 114.0,
  "win_rate": 30.701754385964914,
  "expectancy": 0.06889457537422901,
  "avg_trade": 0.06729465625199271,
  "exposure_pct": 1.9048352028938103
}