{
  "return_pct": -3.7446123488638317,
  "pf": 1.0574113969487546,
  "sharpe": -0.2847738615252689,
  "sortino": -0.3994103368588014,
  "max_dd_pct": 6.114886814472554,
  "trades": 263.0,
  "win_rate": 37.6425855513308,
  "expectancy": 0.011144456240856146,
  "avg_trade": 0.009018227458867933,
  "exposure_pct": 5.214245858426491
}