{
  "return_pct": -0.6126088869362487,
  "pf": 0.9996882771423662,
  "sharpe": -0.027077658203575612,
  "sortino": -0.04411319574540602,
  "max_dd_pct": 5.940278363303497,
  "trades": 242.0,
  "win_rate": 40.909090909090914,
  "expectancy": -7.122808924920522e-05,
  "avg_trade": -0.001903494563459951,
  "exposure_pct": 7.107536605545187
}