{
  "return_pct": -2.994029187973379,
  "pf": 1.0926953895478744,
  "sharpe": -0.2239008670569298,
  "sortino": -0.32491010938224874,
  "max_dd_pct": 6.955489240968349,
  "trades": 271.0,
  "win_rate": 36.90036900369004,
  "expectancy": 0.01821594412931444,
  "avg_trade": 0.01604577848293154,
  "exposure_pct": 6.4995286013891835
}