{
  "return_pct": 16.33023129654825,
  "pf": 1.7769538002579963,
  "sharpe": 0.7076789333050917,
  "sortino": 1.8787394676912983,
  "max_dd_pct": 4.495923418514636,
  "trades": 221.0,
  "win_rate": 9.049773755656108,
  "expectancy": 0.07220606065627297,
  "avg_trade": 0.06945160254638871,
  "exposure_pct": 4.483096992669271
}