{
  "return_pct": -10.834787901694035,
  "pf": 0.8016178779392558,
  "sharpe": -0.6411626964956312,
  "sortino": -0.9213893852021628,
  "max_dd_pct": 15.103006756285865,
  "trades": 262.0,
  "win_rate": 11.068702290076336,
  "expectancy": -0.028968428613786658,
  "avg_trade": -0.03060012620444974,
  "exposure_pct": 4.179092990591268
}