{
  "return_pct": 10.355326884286315,
  "pf": 1.6626700226497897,
  "sharpe": 0.5661981520079206,
  "sortino": 1.3435871911443749,
  "max_dd_pct": 4.770021672919067,
  "trades": 195.0,
  "win_rate": 8.717948717948717,
  "expectancy": 0.05274609458510327,
  "avg_trade": 0.05123328609757394,
  "exposure_pct": 3.9905335462644063
}