{
  "return_pct": -3.439968611564697,
  "pf": 1.0024860386186376,
  "sharpe": -0.2144146724732502,
  "sortino": -0.32720153926525664,
  "max_dd_pct": 8.767572574400917,
  "trades": 326.0,
  "win_rate": 26.993865030674847,
  "expectancy": 0.0005047400589759401,
  "avg_trade": -0.001835423430807115,
  "exposure_pct": 8.60254362842245
}