{
  "return_pct": 16.683230541709975,
  "pf": 1.7954778417890491,
  "sharpe": 0.698031029999287,
  "sortino": 1.9245903787391314,
  "max_dd_pct": 4.654368417144128,
  "trades": 223.0,
  "win_rate": 9.865470852017937,
  "expectancy": 0.07326456139479248,
  "avg_trade": 0.07044127425108737,
  "exposure_pct": 4.354183903180497
}