{
  "return_pct": 15.357676240808074,
  "pf": 1.7854981411474988,
  "sharpe": 0.7076231236449969,
  "sortino": 1.8681586744505452,
  "max_dd_pct": 4.362283777933462,
  "trades": 208.0,
  "win_rate": 11.057692307692307,
  "expectancy": 0.07229350163492594,
  "avg_trade": 0.0698712399289203,
  "exposure_pct": 3.919342735651204
}