{
  "return_pct": -8.362848867472145,
  "pf": 0.7126507936621561,
  "sharpe": -0.596195623396263,
  "sortino": -0.8678332583135612,
  "max_dd_pct": 13.754464786279108,
  "trades": 206.0,
  "win_rate": 8.25242718446602,
  "expectancy": -0.041560540432938886,
  "avg_trade": -0.042956870341515074,
  "exposure_pct": 4.598541550420411
}