{
  "return_pct": 10.75094775120772,
  "pf": 1.0602435664917325,
  "sharpe": 0.32335204128028583,
  "sortino": 0.43271810144561634,
  "max_dd_pct": 12.871634683767274,
  "trades": 2315.0,
  "win_rate": 57.2354211663067,
  "expectancy": 0.005118649228481823,
  "avg_trade": 0.004718941387005238,
  "exposure_pct": 8.994092039800995
}