{
  "return_pct": -7.200484680605598,
  "pf": 0.8834857382532818,
  "sharpe": -0.42546705280100616,
  "sortino": -0.6172491848569298,
  "max_dd_pct": 8.02046474625675,
  "trades": 238.0,
  "win_rate": 31.092436974789916,
  "expectancy": -0.03438443702503801,
  "avg_trade": -0.03771163585118975,
  "exposure_pct": 9.381794393242645
}