{
  "return_pct": -4.957278886362945,
  "pf": 0.8949318805299815,
  "sharpe": -0.28399145654476804,
  "sortino": -0.41986114403657493,
  "max_dd_pct": 6.973569516262302,
  "trades": 243.0,
  "win_rate": 32.92181069958848,
  "expectancy": -0.0309401650304224,
  "avg_trade": -0.03422984678209673,
  "exposure_pct": 9.689646547245685
}