{
  "return_pct": 9.531690649213711,
  "pf": 1.2239932472274941,
  "sharpe": 0.4754034013830057,
  "sortino": 0.8179024617756134,
  "max_dd_pct": 3.686394464297471,
  "trades": 230.0,
  "win_rate": 33.91304347826087,
  "expectancy": 0.07127858278075798,
  "avg_trade": 0.06695320026737228,
  "exposure_pct": 12.244819425470919
}