{
  "return_pct": 4.971573353251466,
  "pf": 1.1395657802191455,
  "sharpe": 0.2426203881841908,
  "sortino": 0.41323359450519986,
  "max_dd_pct": 5.0180484723643115,
  "trades": 162.0,
  "win_rate": 33.33333333333333,
  "expectancy": 0.03311181666515518,
  "avg_trade": 0.030770140936953183,
  "exposure_pct": 5.6933407730937216
}