{
  "return_pct": -8.654620217168272,
  "pf": 0.8586334380111927,
  "sharpe": -0.6393503412803675,
  "sortino": -0.8689296106367861,
  "max_dd_pct": 9.779056964999578,
  "trades": 248.0,
  "win_rate": 25.0,
  "expectancy": -0.031128536749239252,
  "avg_trade": -0.03355889292777636,
  "exposure_pct": 6.2763357897369785
}