{
  "return_pct": -2.616253360535833,
  "pf": 1.0870659551887556,
  "sharpe": -0.18874033950770133,
  "sortino": -0.26755558929706574,
  "max_dd_pct": 7.561633396447243,
  "trades": 275.0,
  "win_rate": 43.27272727272727,
  "expectancy": 0.018475498452123557,
  "avg_trade": 0.016256537031722473,
  "exposure_pct": 6.443730398476132
}