{
  "return_pct": -1.1392058634319808,
  "pf": 0.9711609682400291,
  "sharpe": -0.06379321649856376,
  "sortino": -0.0980749350790255,
  "max_dd_pct": 8.272889225695124,
  "trades": 255.0,
  "win_rate": 32.94117647058823,
  "expectancy": -0.0080551470576257,
  "avg_trade": -0.01121213637034213,
  "exposure_pct": 10.565101110191831
}