{
  "return_pct": 10.155201619691612,
  "pf": 1.3012493213906642,
  "sharpe": 0.4023538992308938,
  "sortino": 0.861062043722582,
  "max_dd_pct": 8.137752273924859,
  "trades": 248.0,
  "win_rate": 11.693548387096774,
  "expectancy": 0.04221024668958234,
  "avg_trade": 0.03953601824202568,
  "exposure_pct": 5.720277836568988
}