{
  "return_pct": 17.063379244755954,
  "pf": 1.7742356017856789,
  "sharpe": 0.734406496226387,
  "sortino": 1.8984547003670624,
  "max_dd_pct": 4.522172326514817,
  "trades": 241.0,
  "win_rate": 10.37344398340249,
  "expectancy": 0.06860739927939527,
  "avg_trade": 0.066349280902811,
  "exposure_pct": 5.031458641987186
}