{
  "return_pct": 2.899166494555131,
  "pf": 1.1487560645472448,
  "sharpe": 0.16530162301118032,
  "sortino": 0.3625951513730735,
  "max_dd_pct": 4.996065693041185,
  "trades": 174.0,
  "win_rate": 9.770114942528735,
  "expectancy": 0.018249574369088948,
  "avg_trade": 0.016501963508641637,
  "exposure_pct": 3.0631289323302484
}