{
  "return_pct": -5.40587073667635,
  "pf": 1.0217643565655354,
  "sharpe": -0.4053566387254913,
  "sortino": -0.5657470282276561,
  "max_dd_pct": 7.221887022595386,
  "trades": 263.0,
  "win_rate": 42.585551330798474,
  "expectancy": 0.004858968265182419,
  "avg_trade": 0.0026274334950171507,
  "exposure_pct": 6.811228907317261
}