{
  "return_pct": -7.294209678150899,
  "pf": 0.8883250672435292,
  "sharpe": -0.4971391793757098,
  "sortino": -0.7198979229415553,
  "max_dd_pct": 8.437872032659188,
  "trades": 244.0,
  "win_rate": 20.081967213114755,
  "expectancy": -0.024872955796627783,
  "avg_trade": -0.02760832473112096,
  "exposure_pct": 7.055586554557173
}