{
  "return_pct": 1.7018220699235798,
  "pf": 1.0836468602765081,
  "sharpe": 0.12070046864406883,
  "sortino": 0.22595386892649272,
  "max_dd_pct": 6.262755146133392,
  "trades": 195.0,
  "win_rate": 43.07692307692308,
  "expectancy": 0.009760171644185328,
  "avg_trade": 0.008825893922059791,
  "exposure_pct": 2.8187712850903357
}