{
  "return_pct": -1.8856660251157706,
  "pf": 0.8758243153257486,
  "sharpe": -0.24336989257700647,
  "sortino": -0.41966473695834117,
  "max_dd_pct": 6.086832433722855,
  "trades": 95.0,
  "win_rate": 30.526315789473685,
  "expectancy": -0.01940605389443155,
  "avg_trade": -0.020049021649404253,
  "exposure_pct": 0.6879223052455252
}