{
  "return_pct": 8.475856803813226,
  "pf": 1.4465937837668512,
  "sharpe": 0.5922003212869674,
  "sortino": 1.3674090461448516,
  "max_dd_pct": 4.025493562518168,
  "trades": 213.0,
  "win_rate": 22.065727699530516,
  "expectancy": 0.03979171975623091,
  "avg_trade": 0.038952761468813435,
  "exposure_pct": 2.8938102476285765
}