{
  "return_pct": 2.9429723927969462,
  "pf": 1.145188794909088,
  "sharpe": 0.2256065562941285,
  "sortino": 0.37717815658988096,
  "max_dd_pct": 5.238368472333543,
  "trades": 230.0,
  "win_rate": 43.04347826086957,
  "expectancy": 0.013404513060463535,
  "avg_trade": 0.012755157137411821,
  "exposure_pct": 2.911126931291247
}