{
  "return_pct": -0.33039414740555223,
  "pf": 0.9684251398520357,
  "sharpe": -0.06030697114848865,
  "sortino": -0.10033029393490121,
  "max_dd_pct": 2.351233844368894,
  "trades": 83.0,
  "win_rate": 37.34939759036144,
  "expectancy": -0.003001138795309181,
  "avg_trade": -0.0033927402603883827,
  "exposure_pct": 0.8388971196582841
}