{
  "return_pct": 9.148274198089075,
  "pf": 1.3258220466159345,
  "sharpe": 0.39572310449408277,
  "sortino": 0.927598999135497,
  "max_dd_pct": 8.373364211542977,
  "trades": 290.0,
  "win_rate": 8.96551724137931,
  "expectancy": 0.032463553273342896,
  "avg_trade": 0.03047675398200056,
  "exposure_pct": 4.81211398226002
}