{
  "return_pct": -5.2899480324132835,
  "pf": 0.4716590478635518,
  "sharpe": -0.4600067220143987,
  "sortino": -0.6162537603506278,
  "max_dd_pct": 8.455046965290581,
  "trades": 50.0,
  "win_rate": 12.0,
  "expectancy": -0.10928951114274855,
  "avg_trade": -0.1104997725191681,
  "exposure_pct": 1.2698901352625402
}