{
  "return_pct": 3.630807485625858,
  "pf": 1.0957425911683698,
  "sharpe": 0.14867625038434315,
  "sortino": 0.28962581463413706,
  "max_dd_pct": 7.848265666291898,
  "trades": 191.0,
  "win_rate": 17.801047120418847,
  "expectancy": 0.020007886314114376,
  "avg_trade": 0.01723186445730107,
  "exposure_pct": 5.879976141458065
}