{
  "return_pct": 8.251331669577235,
  "pf": 1.038594863024637,
  "sharpe": 0.5982400732706672,
  "sortino": 0.9629339824601573,
  "max_dd_pct": 7.936708011984295,
  "trades": 371.0,
  "win_rate": 34.77088948787062,
  "expectancy": 0.010383832324672378,
  "avg_trade": 0.007935164576156062,
  "exposure_pct": 83.77587472473698
}