{
  "return_pct": -3.129232273529435,
  "pf": 0.9846634279536937,
  "sharpe": -0.18461750619627157,
  "sortino": -0.2762243314475293,
  "max_dd_pct": 9.093547184970163,
  "trades": 262.0,
  "win_rate": 36.25954198473282,
  "expectancy": -0.004037287569158512,
  "avg_trade": -0.006912042224704873,
  "exposure_pct": 9.275970215304099
}