{
  "return_pct": 12.437565637306426,
  "pf": 1.6283105276651053,
  "sharpe": 0.5879057623246429,
  "sortino": 1.4998242180317214,
  "max_dd_pct": 4.581368803767017,
  "trades": 222.0,
  "win_rate": 9.90990990990991,
  "expectancy": 0.05551012867460736,
  "avg_trade": 0.053356177183161435,
  "exposure_pct": 4.102129952090508
}