{
  "return_pct": 4.857206891698204,
  "pf": 1.2695849162595787,
  "sharpe": 0.3824560409875791,
  "sortino": 0.6653669889907455,
  "max_dd_pct": 4.617539287885542,
  "trades": 231.0,
  "win_rate": 41.55844155844156,
  "expectancy": 0.021628794361382004,
  "avg_trade": 0.021029686217133303,
  "exposure_pct": 2.507070979162257
}