{
  "return_pct": -2.847966486014798,
  "pf": 0.7293312873162474,
  "sharpe": -0.4025199380907769,
  "sortino": -0.5361301850786934,
  "max_dd_pct": 5.489209651385885,
  "trades": 79.0,
  "win_rate": 20.253164556962027,
  "expectancy": -0.03644870624526568,
  "avg_trade": -0.03709141781405023,
  "exposure_pct": 1.6412367960287073
}