{
  "return_pct": -2.6282385620956075,
  "pf": 0.960439926317227,
  "sharpe": -0.11583968964218905,
  "sortino": -0.17424434394208332,
  "max_dd_pct": 7.391230123618165,
  "trades": 207.0,
  "win_rate": 35.26570048309179,
  "expectancy": -0.013415511431177904,
  "avg_trade": -0.0170890644014543,
  "exposure_pct": 9.495314875031266
}