{
  "return_pct": -4.27685655625239,
  "pf": 0.7387865726007076,
  "sharpe": -0.4568378998917187,
  "sortino": -0.5655201051561602,
  "max_dd_pct": 8.397187184089738,
  "trades": 81.0,
  "win_rate": 44.44444444444444,
  "expectancy": -0.12877834934513488,
  "avg_trade": -0.13309647105801403,
  "exposure_pct": 0.6175041675044919
}