{
  "return_pct": 19.70775472395858,
  "pf": 1.9672867817798727,
  "sharpe": 0.8356607556941931,
  "sortino": 2.2129092235040257,
  "max_dd_pct": 4.501558614141555,
  "trades": 221.0,
  "win_rate": 10.85972850678733,
  "expectancy": 0.08544686609514952,
  "avg_trade": 0.08283170308336363,
  "exposure_pct": 4.721682412021626
}