{
  "return_pct": 4.281103853880206,
  "pf": 1.165739690027811,
  "sharpe": 0.2881812220893946,
  "sortino": 0.49963244514750427,
  "max_dd_pct": 4.851006512739087,
  "trades": 202.0,
  "win_rate": 43.56435643564357,
  "expectancy": 0.023238150066566116,
  "avg_trade": 0.02174945371942183,
  "exposure_pct": 3.5075904796721376
}