{
  "return_pct": -0.03805450489664217,
  "pf": 0.893088425115863,
  "sharpe": -0.5086956370660634,
  "sortino": -0.8606511531441186,
  "max_dd_pct": 0.06573657023851709,
  "trades": 299.0,
  "win_rate": 23.411371237458194,
  "expectancy": -0.007476653449627462,
  "avg_trade": -0.007642145519637378,
  "exposure_pct": 6.896990457548324
}