{
  "return_pct": -6.840365286545118,
  "pf": 0.7840103387668573,
  "sharpe": -0.44021864187816995,
  "sortino": -0.5773587324489907,
  "max_dd_pct": 9.197441932991413,
  "trades": 198.0,
  "win_rate": 24.747474747474747,
  "expectancy": -0.03639153155880297,
  "avg_trade": -0.03749036516086379,
  "exposure_pct": 3.4633367325342004
}