{
  "return_pct": -10.424742880460666,
  "pf": 0.8428132403024706,
  "sharpe": -0.622209591248847,
  "sortino": -0.9850676344834438,
  "max_dd_pct": 16.330344063801782,
  "trades": 453.0,
  "win_rate": 22.737306843267106,
  "expectancy": -0.024780642786067796,
  "avg_trade": -0.025500905674114005,
  "exposure_pct": 7.690425551937663
}