{
  "return_pct": -5.249467176679825,
  "pf": 0.9718449242777796,
  "sharpe": -0.33797080788996386,
  "sortino": -0.48959258844677384,
  "max_dd_pct": 7.764087312245649,
  "trades": 217.0,
  "win_rate": 35.02304147465438,
  "expectancy": -0.007565022882909502,
  "avg_trade": -0.010669838362209472,
  "exposure_pct": 7.763646508764166
}