{
  "return_pct": 20.211512109145616,
  "pf": 1.9796912517495582,
  "sharpe": 0.8369062019700767,
  "sortino": 2.362232674074398,
  "max_dd_pct": 4.375202229022268,
  "trades": 222.0,
  "win_rate": 10.36036036036036,
  "expectancy": 0.0871767488941286,
  "avg_trade": 0.08429571841002126,
  "exposure_pct": 4.598541550420411
}