{
  "return_pct": 3.45200324180905,
  "pf": 1.1885489934231495,
  "sharpe": 0.21594727777650613,
  "sortino": 0.501501917284959,
  "max_dd_pct": 5.358946622903948,
  "trades": 158.0,
  "win_rate": 22.78481012658228,
  "expectancy": 0.02311255065466444,
  "avg_trade": 0.0219043695852017,
  "exposure_pct": 2.3897023454485984
}