{
  "return_pct": -5.507881577858469,
  "pf": 0.9882187715188963,
  "sharpe": -0.4081260171762077,
  "sortino": -0.6006124065413125,
  "max_dd_pct": 9.643217510574342,
  "trades": 223.0,
  "win_rate": 24.663677130044842,
  "expectancy": -0.0024217411934975438,
  "avg_trade": -0.005070293970921291,
  "exposure_pct": 5.849190926057761
}