{
  "return_pct": -5.98026730533198,
  "pf": 0.919069658891401,
  "sharpe": -0.3761595018716189,
  "sortino": -0.5555012836031372,
  "max_dd_pct": 7.2141863175474885,
  "trades": 207.0,
  "win_rate": 29.951690821256037,
  "expectancy": -0.02318334997418393,
  "avg_trade": -0.026535065096100485,
  "exposure_pct": 8.535200969734285
}