{
  "return_pct": 15.72344129107243,
  "pf": 1.8031729501227194,
  "sharpe": 0.7220556412850219,
  "sortino": 1.9102466878968294,
  "max_dd_pct": 4.362283777933462,
  "trades": 208.0,
  "win_rate": 11.057692307692307,
  "expectancy": 0.07392020673403729,
  "avg_trade": 0.07147299022938203,
  "exposure_pct": 4.005926153964558
}