{
  "return_pct": -4.127732416186691,
  "pf": 0.6820026832499924,
  "sharpe": -0.4770076621115796,
  "sortino": -0.7157956237650037,
  "max_dd_pct": 7.643990384654242,
  "trades": 111.0,
  "win_rate": 10.81081081081081,
  "expectancy": -0.037846403148775465,
  "avg_trade": -0.03855089528213007,
  "exposure_pct": 1.4007273007138321
}