{
  "return_pct": -1.003044415548246,
  "pf": 1.0533969306606221,
  "sharpe": -0.051280922152978206,
  "sortino": -0.08785555869611156,
  "max_dd_pct": 9.423714863523658,
  "trades": 218.0,
  "win_rate": 16.972477064220186,
  "expectancy": 0.00868019702548874,
  "avg_trade": 0.00681344021919994,
  "exposure_pct": 5.093029072787793
}