{
  "return_pct": -5.212496091737132,
  "pf": 0.959730740689289,
  "sharpe": -0.35406284256508785,
  "sortino": -0.5339987775737348,
  "max_dd_pct": 8.588956991930774,
  "trades": 255.0,
  "win_rate": 20.784313725490197,
  "expectancy": -0.008455395538592186,
  "avg_trade": -0.011046871301068073,
  "exposure_pct": 7.800203952052027
}