{
  "return_pct": -5.39025293975498,
  "pf": 1.021386481402634,
  "sharpe": -0.4037107157681093,
  "sortino": -0.5635593164701153,
  "max_dd_pct": 7.227572054343279,
  "trades": 263.0,
  "win_rate": 42.585551330798474,
  "expectancy": 0.004781870061881609,
  "avg_trade": 0.002547477670056253,
  "exposure_pct": 6.842014122717564
}