{
  "return_pct": -3.2546285971044675,
  "pf": 0.6386168377945506,
  "sharpe": -0.4782652269787032,
  "sortino": -0.6747888998433568,
  "max_dd_pct": 4.686347550031944,
  "trades": 82.0,
  "win_rate": 8.536585365853659,
  "expectancy": -0.04056533308849567,
  "avg_trade": -0.041181095307751825,
  "exposure_pct": 1.6316164162161122
}