{
  "return_pct": 1.5771198479045183,
  "pf": 1.1409398573910228,
  "sharpe": 0.16049955204195557,
  "sortino": 0.2574434027039127,
  "max_dd_pct": 5.3091241849556825,
  "trades": 218.0,
  "win_rate": 38.07339449541284,
  "expectancy": 0.011020087710430372,
  "avg_trade": 0.010485842284513325,
  "exposure_pct": 2.3050430030977624
}