{
  "return_pct": -5.353684818406135,
  "pf": 0.9405508498846987,
  "sharpe": -0.322717568225406,
  "sortino": -0.4611601580486329,
  "max_dd_pct": 7.023841432107359,
  "trades": 250.0,
  "win_rate": 36.4,
  "expectancy": -0.01641332077802682,
  "avg_trade": -0.01946546923381476,
  "exposure_pct": 8.48902314663383
}