{
  "return_pct": -3.03610364574946,
  "pf": 0.7718596498952225,
  "sharpe": -0.30386532967368235,
  "sortino": -0.4482809766131663,
  "max_dd_pct": 7.316654761749963,
  "trades": 99.0,
  "win_rate": 19.19191919191919,
  "expectancy": -0.03541042241720114,
  "avg_trade": -0.03660767118666142,
  "exposure_pct": 1.5873626690781752
}