{
  "return_pct": 8.098988178864145,
  "pf": 1.3418206122491219,
  "sharpe": 0.4409719876428333,
  "sortino": 0.8593380094333941,
  "max_dd_pct": 6.529752589276194,
  "trades": 185.0,
  "win_rate": 22.162162162162165,
  "expectancy": 0.05351545507687428,
  "avg_trade": 0.05121259481264406,
  "exposure_pct": 4.123294787678217
}