{
  "return_pct": 4.442258315482374,
  "pf": 1.2810324180838168,
  "sharpe": 0.18598689318297,
  "sortino": 0.3413617425991237,
  "max_dd_pct": 9.778406732380617,
  "trades": 313.0,
  "win_rate": 11.501597444089457,
  "expectancy": 0.03667412083799897,
  "avg_trade": 0.03382067489994256,
  "exposure_pct": 6.782367767879475
}