{
  "return_pct": -4.922141100682306,
  "pf": 1.079400520877106,
  "sharpe": -0.39775638934463386,
  "sortino": -0.5599768670336733,
  "max_dd_pct": 6.917332765854722,
  "trades": 265.0,
  "win_rate": 35.84905660377358,
  "expectancy": 0.014566365832120539,
  "avg_trade": 0.012590634992837302,
  "exposure_pct": 5.90691320493333
}