{
  "return_pct": -3.1360432533928075,
  "pf": 0.9844482854288539,
  "sharpe": -0.1848978229396711,
  "sortino": -0.2766407842672429,
  "max_dd_pct": 9.091830706926018,
  "trades": 262.0,
  "win_rate": 36.25954198473282,
  "expectancy": -0.004099981553873154,
  "avg_trade": -0.006978867108775599,
  "exposure_pct": 9.27789429126662
}