{
  "return_pct": 2.0524879842644324,
  "pf": 1.1028902941382852,
  "sharpe": 0.1686919671535575,
  "sortino": 0.26705384822121125,
  "max_dd_pct": 5.089991498925794,
  "trades": 231.0,
  "win_rate": 46.75324675324675,
  "expectancy": 0.009458193756430663,
  "avg_trade": 0.008883733907416591,
  "exposure_pct": 2.7783656898774365
}