{
  "return_pct": 8.608344717942527,
  "pf": 1.2664503641407514,
  "sharpe": 0.36009014663449673,
  "sortino": 0.8254249540371056,
  "max_dd_pct": 8.840766250801678,
  "trades": 336.0,
  "win_rate": 9.226190476190476,
  "expectancy": 0.026686258314662623,
  "avg_trade": 0.024873601800012857,
  "exposure_pct": 5.146903199738325
}