{
  "return_pct": 11.842614580192395,
  "pf": 1.5976063243774108,
  "sharpe": 0.565666607355822,
  "sortino": 1.430535871889863,
  "max_dd_pct": 4.5959291642622135,
  "trades": 223.0,
  "win_rate": 9.865470852017937,
  "expectancy": 0.05293887830768227,
  "avg_trade": 0.05083712068507662,
  "exposure_pct": 4.040559521289901
}