{
  "return_pct": -6.013973358303029,
  "pf": 0.87879092025956,
  "sharpe": -0.3996462847685103,
  "sortino": -0.5870256621247627,
  "max_dd_pct": 7.8045302505439285,
  "trades": 250.0,
  "win_rate": 21.2,
  "expectancy": -0.02717615566517653,
  "avg_trade": -0.0298651287702123,
  "exposure_pct": 7.33265349315991
}