{
  "return_pct": -9.043186680135491,
  "pf": 0.854623954765118,
  "sharpe": -0.5851127223822866,
  "sortino": -0.7931840828110328,
  "max_dd_pct": 10.191576569345184,
  "trades": 243.0,
  "win_rate": 34.15637860082305,
  "expectancy": -0.040549879992730825,
  "avg_trade": -0.04337155657544445,
  "exposure_pct": 8.175398764743232
}