{
  "return_pct": 0.479462993251835,
  "pf": 1.1351040433922195,
  "sharpe": 0.1211521966484676,
  "sortino": 0.18875186617607517,
  "max_dd_pct": 2.2549478557320257,
  "trades": 53.0,
  "win_rate": 39.62264150943396,
  "expectancy": 0.009468396675578028,
  "avg_trade": 0.009203480112995877,
  "exposure_pct": 0.39635964827891407
}