{
  "return_pct": 0.009859964944561943,
  "pf": 0.9979581119876261,
  "sharpe": 0.03287380943846452,
  "sortino": 0.0558940287920551,
  "max_dd_pct": 0.1314941423886995,
  "trades": 1030.0,
  "win_rate": 37.37864077669903,
  "expectancy": -0.0003717966957726787,
  "avg_trade": -0.001314205196334406,
  "exposure_pct": 14.910316011368128
}