{
  "return_pct": 3.254552816776326,
  "pf": 1.1722928886728627,
  "sharpe": 0.2707367992980371,
  "sortino": 0.4383408607872695,
  "max_dd_pct": 4.63723420744514,
  "trades": 232.0,
  "win_rate": 46.12068965517241,
  "expectancy": 0.014695667515128193,
  "avg_trade": 0.014147903401040551,
  "exposure_pct": 2.5340080426375233
}