{
  "return_pct": 15.762714840077772,
  "pf": 1.7772218723414088,
  "sharpe": 0.7130935312382526,
  "sortino": 1.8469143673874882,
  "max_dd_pct": 4.573238329291196,
  "trades": 224.0,
  "win_rate": 10.267857142857142,
  "expectancy": 0.0685427316895539,
  "avg_trade": 0.06619922620636487,
  "exposure_pct": 4.404209878205992
}