{
  "return_pct": 2.49544283633437,
  "pf": 1.1248179463408152,
  "sharpe": 0.1884618634095133,
  "sortino": 0.3192686630854523,
  "max_dd_pct": 5.754351872260887,
  "trades": 230.0,
  "win_rate": 40.869565217391305,
  "expectancy": 0.011523780419510656,
  "avg_trade": 0.01085626723418276,
  "exposure_pct": 2.9553806784291847
}