{
  "return_pct": 17.47047482764707,
  "pf": 1.8611425378660127,
  "sharpe": 0.7727218324826335,
  "sortino": 1.975226462240407,
  "max_dd_pct": 4.5959291642622135,
  "trades": 222.0,
  "win_rate": 10.81081081081081,
  "expectancy": 0.07572778038680524,
  "avg_trade": 0.07336804740274427,
  "exposure_pct": 4.608161930233005
}