{
  "return_pct": 16.68589991670991,
  "pf": 1.7955253393989954,
  "sharpe": 0.6980644800340968,
  "sortino": 1.9247902154771062,
  "max_dd_pct": 4.654298171170323,
  "trades": 223.0,
  "win_rate": 9.865470852017937,
  "expectancy": 0.07327617585755795,
  "avg_trade": 0.07045232827536108,
  "exposure_pct": 4.354183903180497
}