{
  "return_pct": 0.9045570555500454,
  "pf": 0.9982128745820512,
  "sharpe": 0.05885675564852286,
  "sortino": 0.09674412915102171,
  "max_dd_pct": 4.64866260475082,
  "trades": 238.0,
  "win_rate": 44.957983193277315,
  "expectancy": -0.000339253833652084,
  "avg_trade": -0.0018419287132420692,
  "exposure_pct": 5.087256844900237
}