{
  "return_pct": 11.760842083271408,
  "pf": 1.3258903084335452,
  "sharpe": 0.4701067726576974,
  "sortino": 0.9602959255625031,
  "max_dd_pct": 6.213841645611207,
  "trades": 249.0,
  "win_rate": 17.670682730923694,
  "expectancy": 0.04807920910494931,
  "avg_trade": 0.045672833719079264,
  "exposure_pct": 5.177688415138629
}