{
  "return_pct": 12.999013225089548,
  "pf": 1.6571247766757793,
  "sharpe": 0.6068047747993766,
  "sortino": 1.5649943648409532,
  "max_dd_pct": 4.553906437942789,
  "trades": 222.0,
  "win_rate": 9.90990990990991,
  "expectancy": 0.05805581683327724,
  "avg_trade": 0.05583558585100512,
  "exposure_pct": 4.105978104015547
}