{
  "return_pct": 16.060292327929872,
  "pf": 1.7915260787402996,
  "sharpe": 0.7219763870178852,
  "sortino": 1.8790523168036113,
  "max_dd_pct": 4.556834972309131,
  "trades": 224.0,
  "win_rate": 10.267857142857142,
  "expectancy": 0.06980421108960928,
  "avg_trade": 0.06742786472488937,
  "exposure_pct": 4.40805803013103
}