{
  "return_pct": -1.7425268258889088,
  "pf": 1.0156047193900326,
  "sharpe": -0.14859342696488775,
  "sortino": -0.21454369026039397,
  "max_dd_pct": 5.813894884600024,
  "trades": 182.0,
  "win_rate": 43.956043956043956,
  "expectancy": 0.0032240309769347763,
  "avg_trade": 0.0018149389194199728,
  "exposure_pct": 4.358032055105535
}