{
  "return_pct": 4.67137755731697,
  "pf": 1.2416715715378939,
  "sharpe": 0.2845391994877474,
  "sortino": 0.5575033558673039,
  "max_dd_pct": 5.889297682256245,
  "trades": 220.0,
  "win_rate": 8.181818181818182,
  "expectancy": 0.022432463937999338,
  "avg_trade": 0.021031265835658175,
  "exposure_pct": 4.273372712754699
}