{
  "return_pct": 18.08312962286039,
  "pf": 1.8845867728876085,
  "sharpe": 0.7823090192342411,
  "sortino": 2.1293302714538513,
  "max_dd_pct": 4.466561217623532,
  "trades": 222.0,
  "win_rate": 10.36036036036036,
  "expectancy": 0.07871398140728104,
  "avg_trade": 0.07607581590738377,
  "exposure_pct": 4.434995093606296
}