{
  "return_pct": 1.6319710580146523,
  "pf": 1.05763178485538,
  "sharpe": 0.05418235755641049,
  "sortino": 0.08531087921261511,
  "max_dd_pct": 10.466037351062807,
  "trades": 269.0,
  "win_rate": 37.174721189591075,
  "expectancy": 0.015427452995345026,
  "avg_trade": 0.012538889491153782,
  "exposure_pct": 9.995574625286206
}