{
  "return_pct": -2.144265404713887,
  "pf": 0.858209560828513,
  "sharpe": -0.17457096587983525,
  "sortino": -0.3227202394802326,
  "max_dd_pct": 5.916821139825201,
  "trades": 162.0,
  "win_rate": 9.876543209876543,
  "expectancy": -0.014994559193162692,
  "avg_trade": -0.01584690561281521,
  "exposure_pct": 2.707174879264233
}