{
  "return_pct": 4.3014139097951,
  "pf": 1.2597246895156873,
  "sharpe": 0.292854912767827,
  "sortino": 0.5846158029042433,
  "max_dd_pct": 7.021518680819094,
  "trades": 153.0,
  "win_rate": 18.954248366013072,
  "expectancy": 0.03602068974561147,
  "avg_trade": 0.034454226023350465,
  "exposure_pct": 2.9861658938294884
}