{
  "return_pct": 13.98449927566212,
  "pf": 1.7025038379692574,
  "sharpe": 0.6382758993661164,
  "sortino": 1.6773259348740388,
  "max_dd_pct": 4.501558614141555,
  "trades": 222.0,
  "win_rate": 9.90990990990991,
  "expectancy": 0.06251153163860554,
  "avg_trade": 0.06015453545467064,
  "exposure_pct": 4.154080003078522
}