{
  "return_pct": -7.113975297693628,
  "pf": 0.8801008767604065,
  "sharpe": -0.5439913247186606,
  "sortino": -0.7219390575704508,
  "max_dd_pct": 8.91082483500445,
  "trades": 252.0,
  "win_rate": 45.63492063492063,
  "expectancy": -0.019829661304958897,
  "avg_trade": -0.02145583012931329,
  "exposure_pct": 4.377272814730725
}