{
  "return_pct": -5.564466058346803,
  "pf": 0.9468602265240579,
  "sharpe": -0.38030670168868014,
  "sortino": -0.5502229175472686,
  "max_dd_pct": 7.094204551225536,
  "trades": 256.0,
  "win_rate": 26.953125,
  "expectancy": -0.011705849377935396,
  "avg_trade": -0.014363532788541633,
  "exposure_pct": 6.568795336039866
}