{
  "return_pct": 18.983232900896017,
  "pf": 1.9242077146058112,
  "sharpe": 0.7940650520011283,
  "sortino": 2.2281912705913065,
  "max_dd_pct": 4.375202229022268,
  "trades": 222.0,
  "win_rate": 10.36036036036036,
  "expectancy": 0.08223960734397118,
  "avg_trade": 0.07946329481365311,
  "exposure_pct": 4.506185904219499
}