{
  "return_pct": -3.7270858825326427,
  "pf": 0.9351777849068587,
  "sharpe": -0.226297869701325,
  "sortino": -0.340846301564179,
  "max_dd_pct": 6.4657523044761795,
  "trades": 211.0,
  "win_rate": 32.22748815165877,
  "expectancy": -0.018551012140308493,
  "avg_trade": -0.021870734493445454,
  "exposure_pct": 8.837280895849768
}