{
  "return_pct": 15.012770560212038,
  "pf": 1.76852918940182,
  "sharpe": 0.6959898515718574,
  "sortino": 1.8338963581290966,
  "max_dd_pct": 4.362283777933462,
  "trades": 208.0,
  "win_rate": 11.057692307692307,
  "expectancy": 0.07073176026787814,
  "avg_trade": 0.06833343841958772,
  "exposure_pct": 3.8654686087006715
}