{
  "return_pct": -3.5287268138814603,
  "pf": 0.9811776783920886,
  "sharpe": -0.14347156692868795,
  "sortino": -0.1880101133076034,
  "max_dd_pct": 9.282872965368005,
  "trades": 1544.0,
  "win_rate": 50.0,
  "expectancy": -0.0019439805944215778,
  "avg_trade": -0.0023516701031289777,
  "exposure_pct": 7.822175377839679
}