{
  "return_pct": -13.62729340666231,
  "pf": 0.941850080825534,
  "sharpe": -0.5897559327698492,
  "sortino": -0.7381921111264214,
  "max_dd_pct": 24.887548437950525,
  "trades": 3996.0,
  "win_rate": 49.374374374374376,
  "expectancy": -0.003465974218486184,
  "avg_trade": -0.003600743727616429,
  "exposure_pct": 6.71027040592258
}