{
  "return_pct": -6.714584430638561,
  "pf": 0.7520916969316073,
  "sharpe": -0.49064805472470174,
  "sortino": -0.6844198393805804,
  "max_dd_pct": 9.282896658453076,
  "trades": 186.0,
  "win_rate": 31.72043010752688,
  "expectancy": -0.03706469985173359,
  "avg_trade": -0.038026822409253924,
  "exposure_pct": 2.1626613818713563
}