{
  "return_pct": -8.862198038188613,
  "pf": 0.867096142466837,
  "sharpe": -0.6164006800234484,
  "sortino": -0.8429116208931424,
  "max_dd_pct": 9.948233593214573,
  "trades": 211.0,
  "win_rate": 32.22748815165877,
  "expectancy": -0.03608260066222749,
  "avg_trade": -0.0389136286395142,
  "exposure_pct": 7.455794354761126
}