{
  "return_pct": 1.7848557239270302,
  "pf": 1.1699950772244208,
  "sharpe": 0.17061136473231936,
  "sortino": 0.3217401920543575,
  "max_dd_pct": 4.731725782050056,
  "trades": 186.0,
  "win_rate": 34.946236559139784,
  "expectancy": 0.017298421192320206,
  "avg_trade": 0.01657285181693169,
  "exposure_pct": 2.3800819656360033
}