{
  "return_pct": 10.374145364569454,
  "pf": 1.057928985368791,
  "sharpe": 0.2791281136100474,
  "sortino": 0.3947289870712052,
  "max_dd_pct": 11.934740771526153,
  "trades": 1611.0,
  "win_rate": 49.162011173184354,
  "expectancy": 0.00682394397248328,
  "avg_trade": 0.0061374348085729835,
  "exposure_pct": 8.200209888059701
}