{
  "return_pct": 12.854924023833242,
  "pf": 1.6452870123737071,
  "sharpe": 0.6002528876754102,
  "sortino": 1.5466932218419427,
  "max_dd_pct": 4.556834972309131,
  "trades": 223.0,
  "win_rate": 9.865470852017937,
  "expectancy": 0.05716266583552039,
  "avg_trade": 0.05495152455776697,
  "exposure_pct": 4.109826255940584
}