{
  "return_pct": 16.442367035865388,
  "pf": 1.810598353938816,
  "sharpe": 0.7373961023336527,
  "sortino": 1.9481692480402601,
  "max_dd_pct": 4.536343259776576,
  "trades": 223.0,
  "win_rate": 10.31390134529148,
  "expectancy": 0.07180674946885919,
  "avg_trade": 0.06937543439542448,
  "exposure_pct": 4.404209878205992
}