{
  "return_pct": -9.37984748047263,
  "pf": 0.5613012073772644,
  "sharpe": -0.8445763362883993,
  "sortino": -1.2199126014624144,
  "max_dd_pct": 13.119115109586444,
  "trades": 171.0,
  "win_rate": 8.187134502923977,
  "expectancy": -0.05765610133164621,
  "avg_trade": -0.05844244105260854,
  "exposure_pct": 2.2627133319223445
}