{
  "return_pct": -0.8282861144726048,
  "pf": 0.9922108001449271,
  "sharpe": -0.03397066197911424,
  "sortino": -0.0579343917130293,
  "max_dd_pct": 10.377488161189785,
  "trades": 242.0,
  "win_rate": 14.87603305785124,
  "expectancy": -0.0014329849033019992,
  "avg_trade": -0.0036957468985465702,
  "exposure_pct": 5.477844265291594
}