{
  "return_pct": -20.75667303194563,
  "pf": 0.866048568283439,
  "sharpe": -0.8919189467619207,
  "sortino": -1.155136864701356,
  "max_dd_pct": 25.65229370784181,
  "trades": 1601.0,
  "win_rate": 35.54028732042474,
  "expectancy": -0.01682333538791277,
  "avg_trade": -0.01725225546171938,
  "exposure_pct": 14.104759932995803
}