{
  "return_pct": -28.60986212680433,
  "pf": 0.8192590525918719,
  "sharpe": -1.298719978568955,
  "sortino": -1.6091560524865678,
  "max_dd_pct": 31.738986699273287,
  "trades": 1599.0,
  "win_rate": 35.02188868042527,
  "expectancy": -0.023484766706975597,
  "avg_trade": -0.023914140380232318,
  "exposure_pct": 14.124522406881104
}