{
  "return_pct": -99.61631884479178,
  "pf": 0.004806097781931604,
  "sharpe": -19.537444029272375,
  "sortino": -5.096032337504022,
  "max_dd_pct": 99.61631884479178,
  "trades": 747.0,
  "win_rate": 11.244979919678714,
  "expectancy": -0.9033680602112358,
  "avg_trade": -0.905670355737298,
  "exposure_pct": 6.029828779506829
}