{
  "return_pct": -8.699663368416088,
  "pf": 0.6123747099181076,
  "sharpe": -0.7910857822478635,
  "sortino": -1.1149507572839121,
  "max_dd_pct": 10.500686631240852,
  "trades": 115.0,
  "win_rate": 11.304347826086957,
  "expectancy": -0.07874535099740608,
  "avg_trade": -0.08043723746123943,
  "exposure_pct": 2.255017028072268
}