{
  "return_pct": 0.010676625641610009,
  "pf": 1.086540390114951,
  "sharpe": 0.00047722176539041826,
  "sortino": 0.0007949194526643878,
  "max_dd_pct": 8.369014217291648,
  "trades": 199.0,
  "win_rate": 40.7035175879397,
  "expectancy": 0.018428347444025904,
  "avg_trade": 0.015683088159690328,
  "exposure_pct": 3.7423277470994556
}