{
  "return_pct": 6.018112694678339,
  "pf": 1.0581696819365998,
  "sharpe": 0.2677768713070824,
  "sortino": 0.4784073871276211,
  "max_dd_pct": 7.686858193784596,
  "trades": 1101.0,
  "win_rate": 25.794732061762033,
  "expectancy": 0.005139399344611545,
  "avg_trade": 0.004809064192401458,
  "exposure_pct": 7.704686617730096
}