{
  "return_pct": -3.3722357614230827,
  "pf": 0.771425026920529,
  "sharpe": -0.47820321056528287,
  "sortino": -0.6629853026490773,
  "max_dd_pct": 5.192847957826807,
  "trades": 89.0,
  "win_rate": 26.96629213483146,
  "expectancy": -0.035048290330142146,
  "avg_trade": -0.0357475872860169,
  "exposure_pct": 1.6162238085159601
}