{
  "return_pct": 12.454251427436178,
  "pf": 3.079603079272374,
  "sharpe": 0.6204442167961198,
  "sortino": 1.5008803183773787,
  "max_dd_pct": 4.729163681221838,
  "trades": 247.0,
  "win_rate": 18.62348178137652,
  "expectancy": 0.1729235842907372,
  "avg_trade": 0.1696277095048826,
  "exposure_pct": 4.483096992669271
}