{
  "return_pct": -7.8308782119165405,
  "pf": 0.9405801384807306,
  "sharpe": -0.35979470649138384,
  "sortino": -0.5377318179888292,
  "max_dd_pct": 15.94517876981466,
  "trades": 1503.0,
  "win_rate": 53.42648037258816,
  "expectancy": -0.005131447521075799,
  "avg_trade": -0.005434445173446711,
  "exposure_pct": 8.328471137377425
}