{
  "return_pct": -3.4605073382510105,
  "pf": 0.6645632397994075,
  "sharpe": -0.5224821182568027,
  "sortino": -0.6862238857210178,
  "max_dd_pct": 4.019386006216541,
  "trades": 112.0,
  "win_rate": 29.464285714285715,
  "expectancy": -0.031496622433430696,
  "avg_trade": -0.03188460893340794,
  "exposure_pct": 0.881226790833702
}