{
  "return_pct": 1.6180680459611119,
  "pf": 1.4094829927158288,
  "sharpe": 0.2067312119766834,
  "sortino": 0.3947227354009981,
  "max_dd_pct": 2.237180701013497,
  "trades": 148.0,
  "win_rate": 32.432432432432435,
  "expectancy": 0.03460799338573127,
  "avg_trade": 0.03347528350019502,
  "exposure_pct": 2.012583456794874
}