{
  "return_pct": 1.8273082655808424,
  "pf": 1.0998569613704146,
  "sharpe": 0.12307053598391295,
  "sortino": 0.2582266183582585,
  "max_dd_pct": 4.641546392986163,
  "trades": 147.0,
  "win_rate": 23.809523809523807,
  "expectancy": 0.013328170461673556,
  "avg_trade": 0.012246242699487375,
  "exposure_pct": 2.480133915686991
}