{
  "return_pct": -1.1446595399999757,
  "pf": 0.9709440078279613,
  "sharpe": -0.06406372772669047,
  "sortino": -0.09852740023362694,
  "max_dd_pct": 8.29459116517638,
  "trades": 255.0,
  "win_rate": 32.94117647058823,
  "expectancy": -0.008127746487753393,
  "avg_trade": -0.011289687036386553,
  "exposure_pct": 10.572797414041906
}