{
  "return_pct": 3.9010418151235675,
  "pf": 1.2174620687744686,
  "sharpe": 0.3313506296990978,
  "sortino": 0.5437182020126577,
  "max_dd_pct": 4.268383793088503,
  "trades": 232.0,
  "win_rate": 45.258620689655174,
  "expectancy": 0.01737177648298479,
  "avg_trade": 0.01684764550928808,
  "exposure_pct": 2.374309737748446
}