{
  "return_pct": 3.587498247789999,
  "pf": 1.1182159910080651,
  "sharpe": 0.2010146153772435,
  "sortino": 0.36910296387909114,
  "max_dd_pct": 6.405557397398553,
  "trades": 118.0,
  "win_rate": 27.11864406779661,
  "expectancy": 0.027588144911835873,
  "avg_trade": 0.02506295481337073,
  "exposure_pct": 5.010293806399477
}