{
  "return_pct": 19.175284756028955,
  "pf": 1.93161389663779,
  "sharpe": 0.8098920579542488,
  "sortino": 2.251195869138159,
  "max_dd_pct": 4.404835077365455,
  "trades": 222.0,
  "win_rate": 10.36036036036036,
  "expectancy": 0.08289863830919926,
  "avg_trade": 0.08014133794238543,
  "exposure_pct": 4.458084005156524
}