{
  "return_pct": 15.061655000744874,
  "pf": 1.7438453907440035,
  "sharpe": 0.6917302185737068,
  "sortino": 1.7687757531208552,
  "max_dd_pct": 4.5959291642622135,
  "trades": 224.0,
  "win_rate": 10.267857142857142,
  "expectancy": 0.06559927975609187,
  "avg_trade": 0.06333131759590493,
  "exposure_pct": 4.338791295480346
}