{
  "return_pct": -14.115226177959213,
  "pf": 0.9379690501754437,
  "sharpe": -0.6218056627864781,
  "sortino": -0.7663421923753243,
  "max_dd_pct": 24.279091768825335,
  "trades": 3974.0,
  "win_rate": 49.446401610468044,
  "expectancy": -0.003698525198887039,
  "avg_trade": -0.003832613856369349,
  "exposure_pct": 6.6560010038270905
}