{
  "return_pct": -8.075199657879537,
  "pf": 0.6691540155929133,
  "sharpe": -0.6611264534644962,
  "sortino": -0.8869519801923834,
  "max_dd_pct": 9.20066654558147,
  "trades": 205.0,
  "win_rate": 17.560975609756095,
  "expectancy": -0.04734948262721028,
  "avg_trade": -0.048170612654141465,
  "exposure_pct": 3.1747253381563505
}