{
  "return_pct": -0.2540634358668467,
  "pf": 0.9487718176417229,
  "sharpe": -0.020969164225206564,
  "sortino": -0.03284508442397664,
  "max_dd_pct": 5.969211833139953,
  "trades": 137.0,
  "win_rate": 25.547445255474454,
  "expectancy": -0.015780631448184285,
  "avg_trade": -0.019612006459068798,
  "exposure_pct": 6.628441690877956
}