{
  "return_pct": 3.653968164204434,
  "pf": 1.3631712133479428,
  "sharpe": 0.3294489734630928,
  "sortino": 0.6154214336018757,
  "max_dd_pct": 2.640924757955898,
  "trades": 194.0,
  "win_rate": 14.948453608247423,
  "expectancy": 0.03923502915565322,
  "avg_trade": 0.03790083282904089,
  "exposure_pct": 3.0919900717680338
}