{
  "return_pct": 0.6754407234147424,
  "pf": 1.0185528966949988,
  "sharpe": 0.043059019518094654,
  "sortino": 0.07434639204228076,
  "max_dd_pct": 5.722671048741345,
  "trades": 170.0,
  "win_rate": 42.35294117647059,
  "expectancy": 0.0030260850876769295,
  "avg_trade": 0.0015512541307272087,
  "exposure_pct": 3.2728532122448195
}