{
  "return_pct": 0.9192822764564422,
  "pf": 1.1217211600640418,
  "sharpe": 0.1050157023619125,
  "sortino": 0.2174151466953556,
  "max_dd_pct": 3.1082801385767134,
  "trades": 95.0,
  "win_rate": 12.631578947368421,
  "expectancy": 0.010274922626608387,
  "avg_trade": 0.009573564433051907,
  "exposure_pct": 1.36609393338849
}