{
  "return_pct": 20.20064610914595,
  "pf": 1.9798399872461176,
  "sharpe": 0.836776277767129,
  "sortino": 2.36186865086146,
  "max_dd_pct": 4.372007998068317,
  "trades": 222.0,
  "win_rate": 10.36036036036036,
  "expectancy": 0.08713161882730042,
  "avg_trade": 0.08425274036902852,
  "exposure_pct": 4.596617474457892
}