{
  "return_pct": 1.3368385652599157,
  "pf": 1.3307748638264714,
  "sharpe": 0.1739374053201661,
  "sortino": 0.33406842328922903,
  "max_dd_pct": 3.3355784925605314,
  "trades": 53.0,
  "win_rate": 24.528301886792452,
  "expectancy": 0.04314838155808008,
  "avg_trade": 0.041845331502621264,
  "exposure_pct": 0.8215804359956131
}