{
  "return_pct": -2.791164672307833,
  "pf": 0.720459686320594,
  "sharpe": -0.34709160598265004,
  "sortino": -0.5400542557408282,
  "max_dd_pct": 5.837044994922258,
  "trades": 71.0,
  "win_rate": 15.492957746478872,
  "expectancy": -0.04088932454214353,
  "avg_trade": -0.04187680092033741,
  "exposure_pct": 1.2333326919746792
}