{
  "return_pct": -11.415102889772028,
  "pf": 0.9237874466753246,
  "sharpe": -0.44530567685268196,
  "sortino": -0.6579170118962478,
  "max_dd_pct": 15.331203939251047,
  "trades": 1067.0,
  "win_rate": 41.33083411433927,
  "expectancy": -0.010737037316346872,
  "avg_trade": -0.011369069761701933,
  "exposure_pct": 12.139805386685738
}