{
  "return_pct": 15.061655000744874,
  "pf": 1.7438453907440035,
  "sharpe": 0.6946973579223389,
  "sortino": 1.79249788984463,
  "max_dd_pct": 4.5959291642622135,
  "trades": 223.0,
  "win_rate": 10.31390134529148,
  "expectancy": 0.065893446929886,
  "avg_trade": 0.06361540484958184,
  "exposure_pct": 4.277220864679738
}