{
  "return_pct": -6.018576441251347,
  "pf": 0.9260752166130777,
  "sharpe": -0.43906260239575406,
  "sortino": -0.6327142480607659,
  "max_dd_pct": 9.690314548716227,
  "trades": 259.0,
  "win_rate": 25.482625482625483,
  "expectancy": -0.01523770154359245,
  "avg_trade": -0.017506983043824587,
  "exposure_pct": 7.007484655494199
}