{
  "return_pct": -5.407133851528645,
  "pf": 0.9404489491055686,
  "sharpe": -0.32594936588320794,
  "sortino": -0.46540143964009556,
  "max_dd_pct": 7.078172929953819,
  "trades": 250.0,
  "win_rate": 36.4,
  "expectancy": -0.016464401667641935,
  "avg_trade": -0.01952077191935686,
  "exposure_pct": 8.490947222596349
}