{
  "return_pct": 10.240658868078375,
  "pf": 2.1721526546589853,
  "sharpe": 0.5504197224502427,
  "sortino": 1.2556719959898797,
  "max_dd_pct": 4.948641976852652,
  "trades": 238.0,
  "win_rate": 18.907563025210084,
  "expectancy": 0.1013199680683246,
  "avg_trade": 0.09956622326392495,
  "exposure_pct": 3.5922498220229735
}