{
  "return_pct": -9.035268032457644,
  "pf": 0.8545477149017547,
  "sharpe": -0.5840461928292665,
  "sortino": -0.7919474866709139,
  "max_dd_pct": 10.183638178627685,
  "trades": 243.0,
  "win_rate": 34.15637860082305,
  "expectancy": -0.04062813116189989,
  "avg_trade": -0.043453786149694196,
  "exposure_pct": 8.177322840705752
}