{
  "return_pct": 15.473254113783547,
  "pf": 1.630003087360403,
  "sharpe": 0.6498233934718461,
  "sortino": 1.5486981463753733,
  "max_dd_pct": 5.874849316678798,
  "trades": 252.0,
  "win_rate": 9.920634920634921,
  "expectancy": 0.06041874154103581,
  "avg_trade": 0.05799925916245563,
  "exposure_pct": 4.7601639312720065
}