{
  "return_pct": -0.2661351283839554,
  "pf": 0.8670029442228417,
  "sharpe": -1.0837140104041998,
  "sortino": -1.644766558322328,
  "max_dd_pct": 0.3781390162395315,
  "trades": 1867.0,
  "win_rate": 33.79753615425817,
  "expectancy": -0.015539751487975541,
  "avg_trade": -0.0158687692803694,
  "exposure_pct": 9.020327498588369
}