{
  "return_pct": 1.201589203078905,
  "pf": 1.1600247735656697,
  "sharpe": 0.09874961682652503,
  "sortino": 0.1820454719988556,
  "max_dd_pct": 3.4254149691059,
  "trades": 197.0,
  "win_rate": 34.51776649746193,
  "expectancy": 0.020161461813778685,
  "avg_trade": 0.018919747588097557,
  "exposure_pct": 3.2670809843572624
}