{
  "return_pct": -17.294494378260662,
  "pf": 0.8295596306057847,
  "sharpe": -0.8004143363837637,
  "sortino": -1.022959097829111,
  "max_dd_pct": 24.537793062479352,
  "trades": 387.0,
  "win_rate": 45.73643410852713,
  "expectancy": -0.07302875857827912,
  "avg_trade": -0.07717962759944408,
  "exposure_pct": 5.946828358208956
}