{
  "return_pct": -0.30415912336518525,
  "pf": 0.9173002274391628,
  "sharpe": -0.5442597271420079,
  "sortino": -0.87471900313746,
  "max_dd_pct": 0.49021438869216727,
  "trades": 1128.0,
  "win_rate": 39.8936170212766,
  "expectancy": -0.014078235991019084,
  "avg_trade": -0.01484609032568196,
  "exposure_pct": 13.579642769757768
}