{
  "return_pct": 24.659556819479214,
  "pf": 2.2891973859331114,
  "sharpe": 0.9668245991799091,
  "sortino": 2.7159266027073423,
  "max_dd_pct": 4.66630532625606,
  "trades": 223.0,
  "win_rate": 11.659192825112108,
  "expectancy": 0.11286199237424588,
  "avg_trade": 0.1090853472859088,
  "exposure_pct": 4.665884209108576
}