{
  "return_pct": -5.206529561463383,
  "pf": 1.1316282782921803,
  "sharpe": -0.4504951720685978,
  "sortino": -0.6262769358921801,
  "max_dd_pct": 8.024104616204841,
  "trades": 222.0,
  "win_rate": 34.68468468468468,
  "expectancy": 0.023609824905935314,
  "avg_trade": 0.021481064293693564,
  "exposure_pct": 4.631250841783233
}