{
  "return_pct": -3.1097503501783477,
  "pf": 0.822663725690446,
  "sharpe": -0.26355291028341965,
  "sortino": -0.41461769784363806,
  "max_dd_pct": 6.260773472378833,
  "trades": 156.0,
  "win_rate": 10.897435897435898,
  "expectancy": -0.01992553833548536,
  "avg_trade": -0.02084614124570061,
  "exposure_pct": 2.2184595847844073
}