{
  "return_pct": -3.8177957492207524,
  "pf": 1.001550261349747,
  "sharpe": -0.4179533166121973,
  "sortino": -0.6786066697958085,
  "max_dd_pct": 6.898281568392228,
  "trades": 111.0,
  "win_rate": 27.027027027027028,
  "expectancy": 0.00020438155151605278,
  "avg_trade": -0.0013393806475026082,
  "exposure_pct": 1.3276124141381103
}