{
  "return_pct": -2.9699651087569188,
  "pf": 1.019282598204344,
  "sharpe": -0.1986675761897422,
  "sortino": -0.3078017678939628,
  "max_dd_pct": 8.904398085633913,
  "trades": 264.0,
  "win_rate": 27.27272727272727,
  "expectancy": 0.003975374919283962,
  "avg_trade": 0.0014748798706776256,
  "exposure_pct": 7.271083062359302
}