{
  "return_pct": 15.771249984654249,
  "pf": 1.7807687300999908,
  "sharpe": 0.7127950336832491,
  "sortino": 1.8738452095052929,
  "max_dd_pct": 4.536343259776576,
  "trades": 223.0,
  "win_rate": 10.31390134529148,
  "expectancy": 0.06916429613135032,
  "avg_trade": 0.06679803834537257,
  "exposure_pct": 4.442691397456371
}