{
  "return_pct": -3.6933492988228913,
  "pf": 0.9353400900797167,
  "sharpe": -0.22435411178741096,
  "sortino": -0.3381008379879306,
  "max_dd_pct": 6.432564031551924,
  "trades": 211.0,
  "win_rate": 32.22748815165877,
  "expectancy": -0.018478162491426975,
  "avg_trade": -0.021792905610107383,
  "exposure_pct": 8.829584591999692
}