{
  "return_pct": 3.831634106251667,
  "pf": 1.1497764819597482,
  "sharpe": 0.22031329110191564,
  "sortino": 0.4114727444928808,
  "max_dd_pct": 3.77509723446412,
  "trades": 191.0,
  "win_rate": 20.94240837696335,
  "expectancy": 0.021517659335849718,
  "avg_trade": 0.02013484293390544,
  "exposure_pct": 3.882785292363342
}