{
  "return_pct": 4.186800940094853,
  "pf": 1.3997167993051998,
  "sharpe": 0.2957585211386212,
  "sortino": 0.606758637956762,
  "max_dd_pct": 7.9446917806666795,
  "trades": 196.0,
  "win_rate": 13.26530612244898,
  "expectancy": 0.039054402909645604,
  "avg_trade": 0.03753006973763462,
  "exposure_pct": 2.8495565004906394
}