{
  "return_pct": 0.1953854776145541,
  "pf": 1.0158177174798149,
  "sharpe": 0.014196508901026857,
  "sortino": 0.022662088581329863,
  "max_dd_pct": 5.455235506411526,
  "trades": 125.0,
  "win_rate": 31.2,
  "expectancy": 0.003249979567781569,
  "avg_trade": 0.001729742896405817,
  "exposure_pct": 3.4710330363842767
}