{
  "return_pct": 2.0727052634874124,
  "pf": 1.2554493757684004,
  "sharpe": 0.2846370894335862,
  "sortino": 0.5363290227006781,
  "max_dd_pct": 1.9275640114437165,
  "trades": 84.0,
  "win_rate": 39.285714285714285,
  "expectancy": 0.025145264586707666,
  "avg_trade": 0.024561644514964343,
  "exposure_pct": 1.064014007273007
}