{
  "return_pct": 4.485565625044715,
  "pf": 1.2499031647860623,
  "sharpe": 0.34697076951523426,
  "sortino": 0.6127571317723581,
  "max_dd_pct": 4.959335802397613,
  "trades": 231.0,
  "win_rate": 39.39393939393939,
  "expectancy": 0.020049727694007265,
  "avg_trade": 0.019431542538983493,
  "exposure_pct": 2.5513247263001944
}