{
  "return_pct": 0.9024020347034442,
  "pf": 1.213538475974144,
  "sharpe": 0.1361705147545518,
  "sortino": 0.32241764565291525,
  "max_dd_pct": 2.6085027636581715,
  "trades": 48.0,
  "win_rate": 35.41666666666667,
  "expectancy": 0.019967237318620212,
  "avg_trade": 0.01914389650539139,
  "exposure_pct": 0.48679121851730706
}