{
  "return_pct": -7.376614170495724,
  "pf": 0.8418735079512027,
  "sharpe": -0.45038653081717434,
  "sortino": -0.6438451030875296,
  "max_dd_pct": 9.56558299826915,
  "trades": 161.0,
  "win_rate": 28.57142857142857,
  "expectancy": -0.04277225370479468,
  "avg_trade": -0.04567411450601133,
  "exposure_pct": 4.860215881322995
}