{
  "return_pct": -4.271622256876016,
  "pf": 0.9464560962481371,
  "sharpe": -0.2805492960734626,
  "sortino": -0.42713069368559986,
  "max_dd_pct": 9.050621343024169,
  "trades": 262.0,
  "win_rate": 21.755725190839694,
  "expectancy": -0.011366362399489526,
  "avg_trade": -0.013914971222883654,
  "exposure_pct": 8.136917245492851
}