{
  "return_pct": -69.64521335067101,
  "pf": 0.8758980753285721,
  "sharpe": -2.1058437164817634,
  "sortino": -2.1578432586384744,
  "max_dd_pct": 70.13062949329516,
  "trades": 13810.0,
  "win_rate": 46.59666908037654,
  "expectancy": -0.008507415239023553,
  "avg_trade": -0.008767275476539993,
  "exposure_pct": 44.23488028606965
}