{
  "return_pct": -5.186937444403361,
  "pf": 1.132156078565041,
  "sharpe": -0.44943050046315447,
  "sortino": -0.6249136217168673,
  "max_dd_pct": 8.004222951669938,
  "trades": 222.0,
  "win_rate": 34.68468468468468,
  "expectancy": 0.023667689988717003,
  "avg_trade": 0.021541361071397702,
  "exposure_pct": 4.600465626382929
}