{
  "return_pct": -1.05945483883461,
  "pf": 0.943458291433994,
  "sharpe": -0.10212732856365198,
  "sortino": -0.15046737741349872,
  "max_dd_pct": 4.510746382128083,
  "trades": 70.0,
  "win_rate": 40.0,
  "expectancy": -0.013487013604854983,
  "avg_trade": -0.015095260628794627,
  "exposure_pct": 2.0048871529447982
}