{
  "return_pct": 2.1573947341079593,
  "pf": 1.96746042596777,
  "sharpe": 0.2901588814559722,
  "sortino": 0.5742866688658789,
  "max_dd_pct": 1.5184080511438047,
  "trades": 9.0,
  "win_rate": 44.44444444444444,
  "expectancy": 0.515700285052968,
  "avg_trade": 0.5013497507367903,
  "exposure_pct": 0.017837567863837736
}