{
  "return_pct": 0.06829897300228477,
  "pf": 1.1305864543921957,
  "sharpe": 0.3831886173701903,
  "sortino": 0.6959352794358942,
  "max_dd_pct": 0.06360532036067124,
  "trades": 329.0,
  "win_rate": 34.34650455927052,
  "expectancy": 0.010814860879833537,
  "avg_trade": 0.010551302424155473,
  "exposure_pct": 1.3561076604554867
}