{
  "return_pct": 14.93211800955094,
  "pf": 1.7375538937700108,
  "sharpe": 0.6841351229998625,
  "sortino": 1.7775657590928067,
  "max_dd_pct": 4.573238329291196,
  "trades": 223.0,
  "win_rate": 10.31390134529148,
  "expectancy": 0.0653361154909553,
  "avg_trade": 0.063065570602161,
  "exposure_pct": 4.419602485906143
}