{
  "return_pct": 17.75214901315493,
  "pf": 1.8026487965609927,
  "sharpe": 0.7634069644465525,
  "sortino": 2.0010424581349016,
  "max_dd_pct": 4.522172326514817,
  "trades": 241.0,
  "win_rate": 10.37344398340249,
  "expectancy": 0.07112517990619317,
  "avg_trade": 0.0688241765663955,
  "exposure_pct": 4.973736363111616
}