{
  "return_pct": -5.78821558694666,
  "pf": 0.9462277472092222,
  "sharpe": -0.29947744767974377,
  "sortino": -0.44159575968202897,
  "max_dd_pct": 8.834020094445883,
  "trades": 306.0,
  "win_rate": 51.307189542483655,
  "expectancy": -0.010118551440976134,
  "avg_trade": -0.01199270018207299,
  "exposure_pct": 6.195524599311181
}