{
  "return_pct": -7.2805592250705935,
  "pf": 0.8460971476303899,
  "sharpe": -0.5153017526632401,
  "sortino": -0.7341642410496033,
  "max_dd_pct": 9.977784637391029,
  "trades": 231.0,
  "win_rate": 30.303030303030305,
  "expectancy": -0.03621360819892253,
  "avg_trade": -0.038064619010269585,
  "exposure_pct": 6.360995132087814
}