{
  "return_pct": -6.397500001498685,
  "pf": 0.931052100232298,
  "sharpe": -0.47375607979221723,
  "sortino": -0.7009110093933006,
  "max_dd_pct": 9.478040080151018,
  "trades": 213.0,
  "win_rate": 19.248826291079812,
  "expectancy": -0.014394911115870329,
  "avg_trade": -0.017077209776750202,
  "exposure_pct": 6.23593019452408
}