{
  "return_pct": 17.255800228626164,
  "pf": 1.84874290433585,
  "sharpe": 0.7614542852988992,
  "sortino": 2.03888883336669,
  "max_dd_pct": 4.501558614141555,
  "trades": 222.0,
  "win_rate": 10.36036036036036,
  "expectancy": 0.07552445417352191,
  "avg_trade": 0.07299157851134996,
  "exposure_pct": 4.390741346468358
}