{
  "return_pct": -0.36161315744004674,
  "pf": 1.1826128835882062,
  "sharpe": -0.025188385055149726,
  "sortino": -0.03659717024075305,
  "max_dd_pct": 5.911544490649434,
  "trades": 258.0,
  "win_rate": 44.96124031007752,
  "expectancy": 0.041635877132262376,
  "avg_trade": 0.03825177128968793,
  "exposure_pct": 7.1671829603832755
}