{
  "return_pct": 4.213306215481006,
  "pf": 1.219469851516012,
  "sharpe": 0.3258300229904695,
  "sortino": 0.5582989104285766,
  "max_dd_pct": 4.785611180852889,
  "trades": 231.0,
  "win_rate": 42.42424242424242,
  "expectancy": 0.018800648938387694,
  "avg_trade": 0.018178117800382587,
  "exposure_pct": 2.6667692840513344
}