{
  "return_pct": 3.717810281172313,
  "pf": 1.1153493567969495,
  "sharpe": 0.1662754100435897,
  "sortino": 0.3273101267900708,
  "max_dd_pct": 6.194589053186639,
  "trades": 456.0,
  "win_rate": 9.649122807017543,
  "expectancy": 0.009072422611956543,
  "avg_trade": 0.008229630945377764,
  "exposure_pct": 5.395872201492537
}