{
  "return_pct": 3.7931976998088537,
  "pf": 1.1993970118498716,
  "sharpe": 0.2884605545348234,
  "sortino": 0.5009594846966625,
  "max_dd_pct": 5.297404118097893,
  "trades": 231.0,
  "win_rate": 40.25974025974026,
  "expectancy": 0.017081130703182075,
  "avg_trade": 0.016439972744874964,
  "exposure_pct": 2.711023031189271
}