{
  "return_pct": 8.159342390991094,
  "pf": 1.2772160575871165,
  "sharpe": 0.4357456125478897,
  "sortino": 0.7895841069234301,
  "max_dd_pct": 5.216793060627323,
  "trades": 245.0,
  "win_rate": 36.734693877551024,
  "expectancy": 0.03539286402758507,
  "avg_trade": 0.03412482895983615,
  "exposure_pct": 4.354183903180497
}