{
  "return_pct": 5.463725145471492,
  "pf": 1.8292906502270772,
  "sharpe": 0.4395319248291,
  "sortino": 0.9171851455019595,
  "max_dd_pct": 3.0628551812872606,
  "trades": 135.0,
  "win_rate": 17.77777777777778,
  "expectancy": 0.08387363519832544,
  "avg_trade": 0.08169837465752394,
  "exposure_pct": 2.21268735689685
}