{
  "return_pct": 8.016281077432097,
  "pf": 1.04632462801842,
  "sharpe": 0.2163347521744367,
  "sortino": 0.30241050109967227,
  "max_dd_pct": 13.790504276170113,
  "trades": 1615.0,
  "win_rate": 49.10216718266254,
  "expectancy": 0.005496834221368686,
  "avg_trade": 0.004808984295134877,
  "exposure_pct": 8.199238184079602
}