{
  "return_pct": -10.39160637562489,
  "pf": 0.5788321231799456,
  "sharpe": -0.8223154570830264,
  "sortino": -1.1182030456423517,
  "max_dd_pct": 10.918797417300308,
  "trades": 133.0,
  "win_rate": 17.293233082706767,
  "expectancy": -0.08970801806690724,
  "avg_trade": -0.09104489175364439,
  "exposure_pct": 2.079926115483039
}