{
  "return_pct": 8.311434870393528,
  "pf": 1.5503955580932693,
  "sharpe": 0.5369740418169786,
  "sortino": 1.178701149591935,
  "max_dd_pct": 5.8198445812925765,
  "trades": 116.0,
  "win_rate": 18.96551724137931,
  "expectancy": 0.07190504930501819,
  "avg_trade": 0.06981305456685849,
  "exposure_pct": 2.6071229292132454
}