{
  "return_pct": -8.32649165890729,
  "pf": 0.8796985002389784,
  "sharpe": -0.6732030444996443,
  "sortino": -0.9261217707527465,
  "max_dd_pct": 10.486434563764856,
  "trades": 216.0,
  "win_rate": 22.685185185185187,
  "expectancy": -0.024661381438721194,
  "avg_trade": -0.0270418987725507,
  "exposure_pct": 5.570199911492506
}