{
  "return_pct": 15.247167866478954,
  "pf": 1.676747738494215,
  "sharpe": 0.6334579677919064,
  "sortino": 1.671675566945732,
  "max_dd_pct": 5.862177905207277,
  "trades": 221.0,
  "win_rate": 9.049773755656108,
  "expectancy": 0.06825714697049859,
  "avg_trade": 0.06517850376086542,
  "exposure_pct": 4.9641159832990205
}