{
  "return_pct": 8.395464803275884,
  "pf": 1.356055183329908,
  "sharpe": 0.47773279972737054,
  "sortino": 1.00437925732508,
  "max_dd_pct": 4.682275642629563,
  "trades": 184.0,
  "win_rate": 23.91304347826087,
  "expectancy": 0.04563818121842773,
  "avg_trade": 0.044254335836679815,
  "exposure_pct": 3.4133107575087065
}