{
  "return_pct": 16.39569337018051,
  "pf": 1.8339548028318626,
  "sharpe": 0.7470511707942945,
  "sortino": 1.9866345967890484,
  "max_dd_pct": 4.362283777933462,
  "trades": 208.0,
  "win_rate": 11.057692307692307,
  "expectancy": 0.07675322161030881,
  "avg_trade": 0.07423638784844755,
  "exposure_pct": 3.967444634714178
}