{
  "return_pct": 18.654656546496156,
  "pf": 1.839342337346109,
  "sharpe": 0.7950841210049107,
  "sortino": 2.096816963093302,
  "max_dd_pct": 4.522172326514817,
  "trades": 241.0,
  "win_rate": 10.37344398340249,
  "expectancy": 0.07437670747456264,
  "avg_trade": 0.0719987387183263,
  "exposure_pct": 4.896773324610856
}