{
  "return_pct": 16.245865892642016,
  "pf": 1.8010622163395578,
  "sharpe": 0.7313478604084831,
  "sortino": 1.9247637409326803,
  "max_dd_pct": 4.54825716106294,
  "trades": 223.0,
  "win_rate": 10.31390134529148,
  "expectancy": 0.07096199196329166,
  "avg_trade": 0.06855294649865673,
  "exposure_pct": 4.400361726280953
}