{
  "return_pct": -2.2533498339545677,
  "pf": 0.790870951331538,
  "sharpe": -0.313600350185153,
  "sortino": -0.414357187968566,
  "max_dd_pct": 3.792518693635294,
  "trades": 66.0,
  "win_rate": 37.878787878787875,
  "expectancy": -0.03653002861802876,
  "avg_trade": -0.03772071336684002,
  "exposure_pct": 1.0986473745983492
}