{
  "return_pct": -5.5991495650727074,
  "pf": 0.9470157689132467,
  "sharpe": -0.38197829304898934,
  "sortino": -0.5513772159740636,
  "max_dd_pct": 7.097245951889553,
  "trades": 256.0,
  "win_rate": 26.953125,
  "expectancy": -0.011655690192405267,
  "avg_trade": -0.014309987040161953,
  "exposure_pct": 6.566871260077348
}