{
  "return_pct": -0.7491588812995819,
  "pf": 0.9333440540267653,
  "sharpe": -0.07308330069680415,
  "sortino": -0.10442698401635435,
  "max_dd_pct": 5.140531320076458,
  "trades": 245.0,
  "win_rate": 37.95918367346939,
  "expectancy": -0.007697369287997983,
  "avg_trade": -0.008393399101525034,
  "exposure_pct": 2.4455005483616494
}