{
  "return_pct": -1.3516300074464642,
  "pf": 0.9385271946104101,
  "sharpe": -0.09193872254330993,
  "sortino": -0.13611812602026216,
  "max_dd_pct": 3.4066571398142953,
  "trades": 200.0,
  "win_rate": 52.5,
  "expectancy": -0.009857045595821179,
  "avg_trade": -0.011035197481501502,
  "exposure_pct": 3.3729051622958077
}