{
  "return_pct": 13.378820602673757,
  "pf": 1.6763342760162274,
  "sharpe": 0.6203057269435106,
  "sortino": 1.610044116563115,
  "max_dd_pct": 4.536708515852517,
  "trades": 222.0,
  "win_rate": 9.90990990990991,
  "expectancy": 0.059752942272390405,
  "avg_trade": 0.0574879000345474,
  "exposure_pct": 4.1637003828911165
}