{
  "return_pct": -5.409512861056172,
  "pf": 1.0133604574793207,
  "sharpe": -0.39416983757430807,
  "sortino": -0.5408457905034969,
  "max_dd_pct": 6.52797003876695,
  "trades": 254.0,
  "win_rate": 44.09448818897638,
  "expectancy": 0.003092805577681979,
  "avg_trade": 0.0007153305110252361,
  "exposure_pct": 6.033902218459584
}