{
  "return_pct": -2.021060171826498,
  "pf": 0.9365069372471867,
  "sharpe": -0.14180010032436297,
  "sortino": -0.23355487234417607,
  "max_dd_pct": 9.228463636066198,
  "trades": 263.0,
  "win_rate": 18.631178707224336,
  "expectancy": -0.007182163469053799,
  "avg_trade": -0.007942769652380388,
  "exposure_pct": 3.199738325669097
}