{
  "return_pct": 8.20140989952027,
  "pf": 1.3148889412555491,
  "sharpe": 0.3810001908931039,
  "sortino": 0.7785814815283713,
  "max_dd_pct": 6.256751524870885,
  "trades": 231.0,
  "win_rate": 21.21212121212121,
  "expectancy": 0.04762021237335207,
  "avg_trade": 0.045414612343930294,
  "exposure_pct": 4.392665422430878
}