{
  "return_pct": 18.31821418206224,
  "pf": 1.8604069158403627,
  "sharpe": 0.7636973194901957,
  "sortino": 2.10241738208779,
  "max_dd_pct": 4.45836480230366,
  "trades": 221.0,
  "win_rate": 9.502262443438914,
  "expectancy": 0.07996966203594401,
  "avg_trade": 0.07706215650593595,
  "exposure_pct": 4.458084005156524
}