{
  "return_pct": 16.72960978984381,
  "pf": 1.7607632053703184,
  "sharpe": 0.7267231596699254,
  "sortino": 1.8966129864843781,
  "max_dd_pct": 4.522172326514817,
  "trades": 241.0,
  "win_rate": 10.37344398340249,
  "expectancy": 0.06741356877355553,
  "avg_trade": 0.06517806569097395,
  "exposure_pct": 4.758239855309487
}