{
  "return_pct": -5.415432378812449,
  "pf": 1.0135977787959725,
  "sharpe": -0.3949844511937986,
  "sortino": -0.541901342747579,
  "max_dd_pct": 6.532846910987422,
  "trades": 254.0,
  "win_rate": 44.09448818897638,
  "expectancy": 0.003143321368600612,
  "avg_trade": 0.0007687728876826228,
  "exposure_pct": 6.00311700305928
}