{
  "return_pct": -3.955205177818518,
  "pf": 0.9910469066517014,
  "sharpe": -0.22973447882998546,
  "sortino": -0.37674169825999376,
  "max_dd_pct": 10.52506910112606,
  "trades": 263.0,
  "win_rate": 13.307984790874524,
  "expectancy": -0.0012176823232837614,
  "avg_trade": -0.002790195497970327,
  "exposure_pct": 4.302233852192485
}