{
  "return_pct": -3.021109210232517,
  "pf": 1.0922916969913108,
  "sharpe": -0.225875526682611,
  "sortino": -0.3276165904112462,
  "max_dd_pct": 6.976623921955383,
  "trades": 271.0,
  "win_rate": 36.90036900369004,
  "expectancy": 0.018163004331939223,
  "avg_trade": 0.015990127854181857,
  "exposure_pct": 6.50337675331422
}