{
  "return_pct": -1.6652286129727145,
  "pf": 0.9932793697080832,
  "sharpe": -0.14141667896213755,
  "sortino": -0.20830569433996932,
  "max_dd_pct": 5.568833372372617,
  "trades": 225.0,
  "win_rate": 37.333333333333336,
  "expectancy": -0.0011748469758269388,
  "avg_trade": -0.0023240225645371204,
  "exposure_pct": 4.9429511477113115
}