{
  "return_pct": 12.743442994024278,
  "pf": 1.7307411514748834,
  "sharpe": 0.6466822948598712,
  "sortino": 1.7958744720926902,
  "max_dd_pct": 5.127279787492334,
  "trades": 213.0,
  "win_rate": 8.92018779342723,
  "expectancy": 0.05919910537250521,
  "avg_trade": 0.057239548008070074,
  "exposure_pct": 3.426779289246339
}