{
  "return_pct": 19.287456065236707,
  "pf": 1.947987828340989,
  "sharpe": 0.8236953381261201,
  "sortino": 2.1653582053431553,
  "max_dd_pct": 4.51339103769296,
  "trades": 222.0,
  "win_rate": 10.81081081081081,
  "expectancy": 0.08336484486281488,
  "avg_trade": 0.08080676015258526,
  "exposure_pct": 4.756315779346969
}