{
  "return_pct": -5.854607609292888,
  "pf": 1.0407928733964107,
  "sharpe": -0.4592564530865098,
  "sortino": -0.6291607726560486,
  "max_dd_pct": 6.7466034453455,
  "trades": 256.0,
  "win_rate": 36.328125,
  "expectancy": 0.007921120825645509,
  "avg_trade": 0.00579587295017614,
  "exposure_pct": 5.112269832412983
}