{
  "return_pct": -3.178373619312036,
  "pf": 1.1282299646888332,
  "sharpe": -0.23239376000056325,
  "sortino": -0.3298064872660152,
  "max_dd_pct": 6.094060525784695,
  "trades": 222.0,
  "win_rate": 43.24324324324324,
  "expectancy": 0.03005346941461534,
  "avg_trade": 0.027384139643404914,
  "exposure_pct": 6.13972639639813
}