{
  "return_pct": 16.060292327929872,
  "pf": 1.7915260787402996,
  "sharpe": 0.7249573601932631,
  "sortino": 1.9041078778488738,
  "max_dd_pct": 4.556834972309131,
  "trades": 223.0,
  "win_rate": 10.31390134529148,
  "expectancy": 0.07011723445772412,
  "avg_trade": 0.06773033420535146,
  "exposure_pct": 4.3464875993304215
}