{
  "return_pct": -0.21461229413883995,
  "pf": 0.8428132403024706,
  "sharpe": -0.6264725121674085,
  "sortino": -1.0102094164414885,
  "max_dd_pct": 0.34517767212859374,
  "trades": 453.0,
  "win_rate": 22.737306843267106,
  "expectancy": -0.024780642786067796,
  "avg_trade": -0.025500905674114005,
  "exposure_pct": 7.690425551937663
}