{
  "return_pct": -2.8287613908433125,
  "pf": 0.9997249971109582,
  "sharpe": -0.18893513725172104,
  "sortino": -0.2835610491568173,
  "max_dd_pct": 7.6871235009643435,
  "trades": 264.0,
  "win_rate": 28.030303030303028,
  "expectancy": -6.143799274907743e-05,
  "avg_trade": -0.0027871620137953634,
  "exposure_pct": 7.804052103977065
}