{
  "return_pct": 10.958622007037793,
  "pf": 1.8292906502270772,
  "sharpe": 0.5929413001337976,
  "sortino": 1.7359860710054864,
  "max_dd_pct": 3.3455600713801825,
  "trades": 135.0,
  "win_rate": 17.77777777777778,
  "expectancy": 0.08387363519832544,
  "avg_trade": 0.08169837465752394,
  "exposure_pct": 2.21268735689685
}