{
  "return_pct": -25.242209737146364,
  "pf": 0.9066967981138822,
  "sharpe": -1.2411724368351524,
  "sortino": -1.6605584493714673,
  "max_dd_pct": 28.59039303237295,
  "trades": 3734.0,
  "win_rate": 35.91322978039636,
  "expectancy": -0.007797805208213459,
  "avg_trade": -0.007965172829238476,
  "exposure_pct": 6.360158766073797
}