{
  "return_pct": -41.94627044863881,
  "pf": 0.8487250335271675,
  "sharpe": -1.7258853328279757,
  "sortino": -2.086449516012095,
  "max_dd_pct": 42.901471969608664,
  "trades": 4096.0,
  "win_rate": 36.0107421875,
  "expectancy": -0.014347249890700608,
  "avg_trade": -0.014649612245265509,
  "exposure_pct": 11.471826372357608
}