{
  "return_pct": -79.13439443677903,
  "pf": 0.6286930397879703,
  "sharpe": -7.064792110525227,
  "sortino": -5.609523084211352,
  "max_dd_pct": 79.97410819206267,
  "trades": 3053.0,
  "win_rate": 37.34032099574189,
  "expectancy": -0.05297244164735572,
  "avg_trade": -0.05322952139451553,
  "exposure_pct": 7.8477977233943115
}