{
  "return_pct": -60.38714059245709,
  "pf": 0.7334398585450344,
  "sharpe": -4.260112585648736,
  "sortino": -4.315802786967993,
  "max_dd_pct": 61.550420353823796,
  "trades": 3730.0,
  "win_rate": 33.67292225201072,
  "expectancy": -0.02535332535741559,
  "avg_trade": -0.02552120534393687,
  "exposure_pct": 6.368828730146311
}