{
  "return_pct": 6.350769771640865,
  "pf": 3.7694233235594763,
  "sharpe": 0.8144454006261002,
  "sortino": Infinity,
  "max_dd_pct": 1.2233736469841272,
  "trades": 19.0,
  "win_rate": 73.68421052631578,
  "expectancy": 0.6062088718674822,
  "avg_trade": 0.6003966173949493,
  "exposure_pct": 0.06618984879854445
}