{
  "return_pct": -1.7195431402122836,
  "pf": 0.9074449283102389,
  "sharpe": -0.32128182094922975,
  "sortino": -0.5350990256889966,
  "max_dd_pct": 4.023244780831825,
  "trades": 153.0,
  "win_rate": 24.18300653594771,
  "expectancy": -0.010805096501751259,
  "avg_trade": -0.01131824255410363,
  "exposure_pct": 6.444985765855662
}