{
  "return_pct": 13.378762580899615,
  "pf": 3.176459159377914,
  "sharpe": 0.6409870930569186,
  "sortino": 1.6065345862512872,
  "max_dd_pct": 4.751790072804473,
  "trades": 251.0,
  "win_rate": 19.9203187250996,
  "expectancy": 0.17811087715772347,
  "avg_trade": 0.174674756983495,
  "exposure_pct": 4.354183903180497
}