{
  "return_pct": 16.676482126146112,
  "pf": 1.7340196041474814,
  "sharpe": 0.6852188611182385,
  "sortino": 1.8474910616610771,
  "max_dd_pct": 5.8582032919292875,
  "trades": 221.0,
  "win_rate": 9.502262443438914,
  "expectancy": 0.07398310036578103,
  "avg_trade": 0.07087431074976891,
  "exposure_pct": 4.881380716910703
}