{
  "return_pct": 4.1659143474411335,
  "pf": 1.8292906502270772,
  "sharpe": 0.38238060624356884,
  "sortino": 0.7493462647989491,
  "max_dd_pct": 2.619145770094411,
  "trades": 135.0,
  "win_rate": 17.77777777777778,
  "expectancy": 0.08387363519832544,
  "avg_trade": 0.08169837465752394,
  "exposure_pct": 2.21268735689685
}