{
  "return_pct": 4.108370255910291,
  "pf": 1.1167994355959716,
  "sharpe": 0.1834505819858012,
  "sortino": 0.3416414698526257,
  "max_dd_pct": 8.723700138696955,
  "trades": 197.0,
  "win_rate": 24.36548223350254,
  "expectancy": 0.03448963360298456,
  "avg_trade": 0.030436606547756817,
  "exposure_pct": 9.905143055047812
}