{
  "return_pct": -35.55422416930312,
  "pf": 0.807588880178724,
  "sharpe": -1.7703773303528558,
  "sortino": -2.2063387415500686,
  "max_dd_pct": 36.600187068135405,
  "trades": 1393.0,
  "win_rate": 33.811916726489585,
  "expectancy": -0.03168493176066891,
  "avg_trade": -0.03224048999461715,
  "exposure_pct": 7.613887954933294
}