{
  "return_pct": -34.958523787616755,
  "pf": 0.833719207051721,
  "sharpe": -1.5060681543803953,
  "sortino": -1.8873704227583954,
  "max_dd_pct": 37.81078263030633,
  "trades": 1170.0,
  "win_rate": 40.0,
  "expectancy": -0.03694258951643222,
  "avg_trade": -0.037778578485048175,
  "exposure_pct": 9.498011203237901
}