{
  "return_pct": -19.076217418349092,
  "pf": 0.9019142024309308,
  "sharpe": -0.8347526969908904,
  "sortino": -1.1633701644654502,
  "max_dd_pct": 20.451347628526584,
  "trades": 1395.0,
  "win_rate": 35.483870967741936,
  "expectancy": -0.015064015986258002,
  "avg_trade": -0.015618307166687107,
  "exposure_pct": 7.584706248057197
}