{
  "return_pct": -17.235018919074584,
  "pf": 0.9115416696260602,
  "sharpe": -0.6016410139139441,
  "sortino": -0.7991637270282894,
  "max_dd_pct": 28.17186464363156,
  "trades": 1640.0,
  "win_rate": 35.91463414634146,
  "expectancy": -0.01336129459355487,
  "avg_trade": -0.014138898422555446,
  "exposure_pct": 14.303482587064675
}