{
  "return_pct": -2.164700972967874,
  "pf": 1.0237760714724933,
  "sharpe": -0.27564701135314357,
  "sortino": -0.44121936810012974,
  "max_dd_pct": 4.420066190525896,
  "trades": 135.0,
  "win_rate": 20.0,
  "expectancy": 0.004155485394390779,
  "avg_trade": 0.002515884718157224,
  "exposure_pct": 2.7591249302522463
}