{
  "return_pct": 0.014639977850578726,
  "pf": 1.0090127228508456,
  "sharpe": 0.023333953377134186,
  "sortino": 0.034676397545736704,
  "max_dd_pct": 0.3838660565489427,
  "trades": 2793.0,
  "win_rate": 44.50411743644827,
  "expectancy": 0.0011517380164364538,
  "avg_trade": 0.0006014670727250149,
  "exposure_pct": 12.389001679974573
}