{
  "return_pct": -0.1745579305234831,
  "pf": 0.9414624948298376,
  "sharpe": -0.31487298158937477,
  "sortino": -0.4963743285972738,
  "max_dd_pct": 0.27258140957472365,
  "trades": 1115.0,
  "win_rate": 42.33183856502242,
  "expectancy": -0.011880556825563453,
  "avg_trade": -0.013080347172178541,
  "exposure_pct": 13.94395211442786
}