{
  "return_pct": -5.842545771746932,
  "pf": 1.041077435550421,
  "sharpe": -0.45859420943145046,
  "sortino": -0.6282565365720558,
  "max_dd_pct": 6.732623448249986,
  "trades": 256.0,
  "win_rate": 36.328125,
  "expectancy": 0.007965026968567105,
  "avg_trade": 0.005842298667868562,
  "exposure_pct": 5.08148461701268
}