{
  "return_pct": -0.4624492598318262,
  "pf": 0.9161934503986177,
  "sharpe": -0.7934012023728662,
  "sortino": -1.2719616250297696,
  "max_dd_pct": 0.6071670723189371,
  "trades": 2648.0,
  "win_rate": 40.67220543806647,
  "expectancy": -0.00906967407754441,
  "avg_trade": -0.009383020536446463,
  "exposure_pct": 11.616475312127486
}