{
  "return_pct": 0.7598560947860591,
  "pf": 1.2243418344471735,
  "sharpe": 0.14616854366841373,
  "sortino": 0.23550242267553576,
  "max_dd_pct": 2.7893030757671466,
  "trades": 32.0,
  "win_rate": 15.625,
  "expectancy": 0.024964961128685903,
  "avg_trade": 0.024046402579736004,
  "exposure_pct": 0.7080599542069921
}