{
  "return_pct": 17.113713453004998,
  "pf": 1.7774702099137392,
  "sharpe": 0.7396257755685027,
  "sortino": 1.9336955509526244,
  "max_dd_pct": 4.522172326514817,
  "trades": 241.0,
  "win_rate": 10.37344398340249,
  "expectancy": 0.06889402785969097,
  "avg_trade": 0.06663506088515625,
  "exposure_pct": 4.839051045735285
}