{
  "return_pct": 7.564836974067614,
  "pf": 1.1674738572538015,
  "sharpe": 0.3078780361705201,
  "sortino": 0.509655546200667,
  "max_dd_pct": 5.875332321182358,
  "trades": 230.0,
  "win_rate": 40.0,
  "expectancy": 0.04862253665266733,
  "avg_trade": 0.045468575708862424,
  "exposure_pct": 10.232235968676044
}