{
  "return_pct": 5.092384678685013,
  "pf": 1.0965917437548203,
  "sharpe": 0.26271593943561905,
  "sortino": 0.4372348879262586,
  "max_dd_pct": 4.695941107545998,
  "trades": 231.0,
  "win_rate": 35.4978354978355,
  "expectancy": 0.026309963009796218,
  "avg_trade": 0.023213412277800494,
  "exposure_pct": 9.145133049852808
}