{
  "return_pct": -6.730157731832157,
  "pf": 0.47400769096689904,
  "sharpe": -0.8973962973987784,
  "sortino": -1.1647819840149014,
  "max_dd_pct": 8.406746109715213,
  "trades": 120.0,
  "win_rate": 10.0,
  "expectancy": -0.05853992335807413,
  "avg_trade": -0.05901071814402581,
  "exposure_pct": 1.25064937563735
}