{
  "return_pct": -6.544203523853328,
  "pf": 0.8983236518780591,
  "sharpe": -0.5057086329135886,
  "sortino": -0.6208135074772222,
  "max_dd_pct": 9.300896062933607,
  "trades": 82.0,
  "win_rate": 41.46341463414634,
  "expectancy": -0.04608839334363241,
  "avg_trade": -0.05065875838676792,
  "exposure_pct": 0.2993468206967678
}