{
  "return_pct": 1.2743558226805065,
  "pf": 1.0521158980927467,
  "sharpe": 0.07397537789868426,
  "sortino": 0.13848623032646917,
  "max_dd_pct": 5.242241461582453,
  "trades": 181.0,
  "win_rate": 20.441988950276244,
  "expectancy": 0.00847055194900021,
  "avg_trade": 0.007011194008632593,
  "exposure_pct": 4.452311777268966
}