{
  "return_pct": 8.310064455855638,
  "pf": 1.2578966884897655,
  "sharpe": 0.34849188494513783,
  "sortino": 0.7977155909188248,
  "max_dd_pct": 8.840766250801678,
  "trades": 336.0,
  "win_rate": 9.226190476190476,
  "expectancy": 0.02582956743079702,
  "avg_trade": 0.024025225953638873,
  "exposure_pct": 5.110345756450465
}