{
  "return_pct": -7.853644092082791,
  "pf": 0.7183312054947871,
  "sharpe": -0.5734600725249456,
  "sortino": -0.7818321530553753,
  "max_dd_pct": 8.00679480116936,
  "trades": 136.0,
  "win_rate": 41.17647058823529,
  "expectancy": -0.06069198304237321,
  "avg_trade": -0.0621166335589618,
  "exposure_pct": 2.349296750235699
}