{
  "return_pct": -2.1358376633245846,
  "pf": 0.8981790075148139,
  "sharpe": -0.4948969328673323,
  "sortino": -0.8342615860207836,
  "max_dd_pct": 3.658735166164828,
  "trades": 297.0,
  "win_rate": 23.56902356902357,
  "expectancy": -0.007127974696655973,
  "avg_trade": -0.007294483541053776,
  "exposure_pct": 6.89209689258625
}