{
  "return_pct": 12.70651728807406,
  "pf": 1.6427176521704399,
  "sharpe": 0.5969376354374054,
  "sortino": 1.5306549790371573,
  "max_dd_pct": 4.571791430110251,
  "trades": 222.0,
  "win_rate": 9.90990990990991,
  "expectancy": 0.056782972753942076,
  "avg_trade": 0.05459602219906046,
  "exposure_pct": 4.102129952090508
}