{
  "return_pct": -6.0203093189863255,
  "pf": 0.9263096064042247,
  "sharpe": -0.43949466260389447,
  "sortino": -0.6333055476881847,
  "max_dd_pct": 9.68445997997308,
  "trades": 259.0,
  "win_rate": 25.482625482625483,
  "expectancy": -0.015167111939372587,
  "avg_trade": -0.017433312709969062,
  "exposure_pct": 7.00556057953168
}