{
  "return_pct": 15.516904270808002,
  "pf": 1.793020532917773,
  "sharpe": 0.7134648550301439,
  "sortino": 1.8859383697157537,
  "max_dd_pct": 4.362283777933462,
  "trades": 208.0,
  "win_rate": 11.057692307692307,
  "expectancy": 0.07298582668734228,
  "avg_trade": 0.07055809621125952,
  "exposure_pct": 4.0444076732149385
}