{
  "return_pct": -8.87017984055007,
  "pf": 0.866882928863275,
  "sharpe": -0.6168665998107032,
  "sortino": -0.8437060577013363,
  "max_dd_pct": 9.958406774682294,
  "trades": 211.0,
  "win_rate": 32.22748815165877,
  "expectancy": -0.03619359678417979,
  "avg_trade": -0.039028450299216644,
  "exposure_pct": 7.457718430723645
}