{
  "return_pct": -2.922411155734456,
  "pf": 1.1014984906139982,
  "sharpe": -0.22714448343727592,
  "sortino": -0.3299458107324046,
  "max_dd_pct": 7.276516784159515,
  "trades": 268.0,
  "win_rate": 36.940298507462686,
  "expectancy": 0.0186962017554575,
  "avg_trade": 0.01669472917500414,
  "exposure_pct": 6.012737382871876
}