{
  "return_pct": 8.250410586930812,
  "pf": 1.5350874111214723,
  "sharpe": 0.4730578035520361,
  "sortino": 1.0825507959037042,
  "max_dd_pct": 4.770021672919067,
  "trades": 195.0,
  "win_rate": 8.717948717948717,
  "expectancy": 0.04259098832546257,
  "avg_trade": 0.041295694251508586,
  "exposure_pct": 3.9097223558386087
}