{
  "return_pct": 18.473324388713994,
  "pf": 1.9093899214632242,
  "sharpe": 0.8008213102181544,
  "sortino": 2.0821645776555164,
  "max_dd_pct": 4.556834972309131,
  "trades": 222.0,
  "win_rate": 10.81081081081081,
  "expectancy": 0.07997059398458857,
  "avg_trade": 0.07750191572497567,
  "exposure_pct": 4.67742866488369
}