{
  "return_pct": -4.935555086053221,
  "pf": 0.871945346858034,
  "sharpe": -0.24938021626396348,
  "sortino": -0.41933657289201554,
  "max_dd_pct": 8.02382035513427,
  "trades": 155.0,
  "win_rate": 15.483870967741936,
  "expectancy": -0.029711840037813436,
  "avg_trade": -0.03211270174175995,
  "exposure_pct": 5.075712389125123
}