{
  "return_pct": 4.6679011475629295,
  "pf": 1.6655785486981087,
  "sharpe": 0.4096757767843149,
  "sortino": 0.7706219045363317,
  "max_dd_pct": 4.428414484716892,
  "trades": 168.0,
  "win_rate": 17.261904761904763,
  "expectancy": 0.05497279803717366,
  "avg_trade": 0.05366495502550084,
  "exposure_pct": 1.8374925442056451
}