{
  "return_pct": 0.11265319244001294,
  "pf": 1.0581696819365998,
  "sharpe": 0.2690601249816475,
  "sortino": 0.4753743915659381,
  "max_dd_pct": 0.15507956832181424,
  "trades": 1101.0,
  "win_rate": 25.794732061762033,
  "expectancy": 0.005139399344611545,
  "avg_trade": 0.004809064192401458,
  "exposure_pct": 7.704686617730096
}