{
  "return_pct": -0.08842347962809727,
  "pf": 0.93708411708357,
  "sharpe": -0.008167531450208909,
  "sortino": -0.014099160923996604,
  "max_dd_pct": 4.054395908231201,
  "trades": 18.0,
  "win_rate": 38.88888888888889,
  "expectancy": -0.05109067801980011,
  "avg_trade": -0.06854046809434688,
  "exposure_pct": 0.17490671641791045
}