{
  "return_pct": -4.218831923287524,
  "pf": 0.8600813954748696,
  "sharpe": -0.30701654485046626,
  "sortino": -0.4705456943968282,
  "max_dd_pct": 7.061437960246564,
  "trades": 193.0,
  "win_rate": 43.005181347150256,
  "expectancy": -0.021747335553350216,
  "avg_trade": -0.022594350693860843,
  "exposure_pct": 3.378677390183364
}