{
  "return_pct": 12.266310576717439,
  "pf": 1.6166785995759307,
  "sharpe": 0.5802588341323056,
  "sortino": 1.4793902561036198,
  "max_dd_pct": 4.58358846783945,
  "trades": 223.0,
  "win_rate": 9.865470852017937,
  "expectancy": 0.05462839331881764,
  "avg_trade": 0.05248325598630199,
  "exposure_pct": 4.105978104015547
}