{
  "return_pct": 19.023981770982545,
  "pf": 1.9282642024978827,
  "sharpe": 0.7968689954363921,
  "sortino": 2.233272908047393,
  "max_dd_pct": 4.375202229022268,
  "trades": 222.0,
  "win_rate": 9.90990990990991,
  "expectancy": 0.08260056945905353,
  "avg_trade": 0.0797791267458603,
  "exposure_pct": 4.575452638870183
}