{
  "return_pct": -12.112519031830505,
  "pf": 0.6905754008629986,
  "sharpe": -1.0435811271516338,
  "sortino": -1.2242009911661236,
  "max_dd_pct": 12.189017095950616,
  "trades": 123.0,
  "win_rate": 40.65040650406504,
  "expectancy": -0.12744101342478245,
  "avg_trade": -0.13019070179640657,
  "exposure_pct": 3.231635015339444
}