{
  "return_pct": -5.705677490341279,
  "pf": 0.4630087170100485,
  "sharpe": -0.8956469718218862,
  "sortino": -1.1013903877331792,
  "max_dd_pct": 6.43812980034113,
  "trades": 70.0,
  "win_rate": 30.0,
  "expectancy": -0.08471550262177084,
  "avg_trade": -0.08522891123448062,
  "exposure_pct": 0.8138841321455372
}