{
  "return_pct": -2.0188459429665935,
  "pf": 1.0982398998276068,
  "sharpe": -0.16548401542708027,
  "sortino": -0.28527290713688247,
  "max_dd_pct": 6.263762276802975,
  "trades": 267.0,
  "win_rate": 14.981273408239701,
  "expectancy": 0.010673695875089506,
  "avg_trade": 0.009459945467993336,
  "exposure_pct": 3.655744328786101
}