{
  "return_pct": -0.027036830837838352,
  "pf": 0.9029339613578461,
  "sharpe": -0.28296187972507153,
  "sortino": -0.494383903660729,
  "max_dd_pct": 0.07270197801507727,
  "trades": 154.0,
  "win_rate": 24.025974025974026,
  "expectancy": -0.011314379306015749,
  "avg_trade": -0.0118243891941483,
  "exposure_pct": 6.4625950165820445
}