{
  "return_pct": -6.043949695465259,
  "pf": 0.8786965533004515,
  "sharpe": -0.40150337676559744,
  "sortino": -0.5894591755376087,
  "max_dd_pct": 7.83803063674161,
  "trades": 250.0,
  "win_rate": 21.2,
  "expectancy": -0.027234588376099423,
  "avg_trade": -0.0299273759623242,
  "exposure_pct": 7.33265349315991
}