{
  "return_pct": -4.208119553229282,
  "pf": 0.9467313262019924,
  "sharpe": -0.2759871270344919,
  "sortino": -0.4207871825672138,
  "max_dd_pct": 8.993415100357504,
  "trades": 262.0,
  "win_rate": 21.755725190839694,
  "expectancy": -0.011291148125812634,
  "avg_trade": -0.013836090953234237,
  "exposure_pct": 8.136917245492851
}