{
  "return_pct": 18.67869149045886,
  "pf": 1.9075752190819073,
  "sharpe": 0.7969510092308321,
  "sortino": 2.1955351780757857,
  "max_dd_pct": 4.43017029614089,
  "trades": 222.0,
  "win_rate": 10.36036036036036,
  "expectancy": 0.0807595830167347,
  "avg_trade": 0.07806297552275243,
  "exposure_pct": 4.429222865718739
}