{
  "return_pct": 1.7292801112488143,
  "pf": 1.1650950474622803,
  "sharpe": 0.10123568848503216,
  "sortino": 0.1945628984327474,
  "max_dd_pct": 6.067964622125011,
  "trades": 270.0,
  "win_rate": 20.0,
  "expectancy": 0.021311142348497177,
  "avg_trade": 0.019960879132074894,
  "exposure_pct": 4.508109980182018
}