{
  "return_pct": -10.090244631361903,
  "pf": 0.9647305581948216,
  "sharpe": -0.33507362629072107,
  "sortino": -0.4444051565575951,
  "max_dd_pct": 20.643983004617173,
  "trades": 4059.0,
  "win_rate": 47.94284306479428,
  "expectancy": -0.0024096616843627314,
  "avg_trade": -0.0026378144553196314,
  "exposure_pct": 7.006920976331169
}