{
  "return_pct": -3.628286846295651,
  "pf": 1.010047465468577,
  "sharpe": -0.13880649348912866,
  "sortino": -0.20186380934005677,
  "max_dd_pct": 13.187787106107695,
  "trades": 179.0,
  "win_rate": 32.960893854748605,
  "expectancy": 0.0035339921565896064,
  "avg_trade": -0.001851008395470366,
  "exposure_pct": 8.856521655474959
}