{
  "return_pct": 2.3926518477048027,
  "pf": 1.1189598554197278,
  "sharpe": 0.19972301541596452,
  "sortino": 0.31191316685702775,
  "max_dd_pct": 4.378617185902467,
  "trades": 231.0,
  "win_rate": 49.78354978354979,
  "expectancy": 0.010935388718828638,
  "avg_trade": 0.010379693169904058,
  "exposure_pct": 2.749504550439651
}