{
  "return_pct": -8.769144349550421,
  "pf": 0.7979705015904218,
  "sharpe": -0.6427953240007364,
  "sortino": -0.9055593078955703,
  "max_dd_pct": 10.186780841297448,
  "trades": 202.0,
  "win_rate": 16.831683168316832,
  "expectancy": -0.030883925042634167,
  "avg_trade": -0.032148833370693186,
  "exposure_pct": 3.5556923787351127
}