{
  "return_pct": 14.755999954215367,
  "pf": 1.7302642052968766,
  "sharpe": 0.6777188068751007,
  "sortino": 1.7582251392656967,
  "max_dd_pct": 4.573238329291196,
  "trades": 223.0,
  "win_rate": 10.31390134529148,
  "expectancy": 0.06469035938825307,
  "avg_trade": 0.06242496323458635,
  "exposure_pct": 4.294537548342409
}