{
  "return_pct": -3.5125505032086517,
  "pf": 0.849745715520781,
  "sharpe": -0.30340164643743733,
  "sortino": -0.46375880195542046,
  "max_dd_pct": 7.705027631274741,
  "trades": 179.0,
  "win_rate": 36.87150837988827,
  "expectancy": -0.01951936324790599,
  "avg_trade": -0.02025363450286477,
  "exposure_pct": 2.6148192330633213
}