{
  "return_pct": -7.263489182345929,
  "pf": 0.8884952926586946,
  "sharpe": -0.4950945471199359,
  "sortino": -0.7172707291952083,
  "max_dd_pct": 8.412461968585294,
  "trades": 244.0,
  "win_rate": 20.081967213114755,
  "expectancy": -0.02480075291007209,
  "avg_trade": -0.027532321801271298,
  "exposure_pct": 7.055586554557173
}