{
  "return_pct": -2.6683465350128244,
  "pf": 1.1033682068449686,
  "sharpe": -0.20620166232912432,
  "sortino": -0.2984298501235952,
  "max_dd_pct": 7.034756333030412,
  "trades": 273.0,
  "win_rate": 37.362637362637365,
  "expectancy": 0.018936169931484965,
  "avg_trade": 0.016960193606685436,
  "exposure_pct": 6.045446674234698
}