{
  "return_pct": -3.740867148588458,
  "pf": 1.0571582272022597,
  "sharpe": -0.2845188275795482,
  "sortino": -0.39915107742892386,
  "max_dd_pct": 6.119609052442298,
  "trades": 263.0,
  "win_rate": 37.6425855513308,
  "expectancy": 0.0111109367128477,
  "avg_trade": 0.008982146428437865,
  "exposure_pct": 5.2450310738267945
}