{
  "return_pct": 8.432508255855646,
  "pf": 1.2613657605114819,
  "sharpe": 0.35338561551683056,
  "sortino": 0.809116508770503,
  "max_dd_pct": 8.840766250801678,
  "trades": 336.0,
  "win_rate": 9.226190476190476,
  "expectancy": 0.02617701132483047,
  "avg_trade": 0.024369588180461754,
  "exposure_pct": 5.137282819925731
}