{
  "return_pct": -0.6458633397731464,
  "pf": 1.0999742980876939,
  "sharpe": -0.07176051596303432,
  "sortino": -0.12362963052706374,
  "max_dd_pct": 4.689320814673492,
  "trades": 216.0,
  "win_rate": 18.055555555555554,
  "expectancy": 0.009758022768758524,
  "avg_trade": 0.009133299006491846,
  "exposure_pct": 2.73218786677698
}