{
  "return_pct": -4.870324687881814,
  "pf": 1.08179922476977,
  "sharpe": -0.38587062107890285,
  "sortino": -0.535660259911814,
  "max_dd_pct": 6.918165487107942,
  "trades": 220.0,
  "win_rate": 42.72727272727273,
  "expectancy": 0.0180951641606431,
  "avg_trade": 0.015676377887197113,
  "exposure_pct": 5.54326284801724
}