{
  "return_pct": 3.0091288647333974,
  "pf": 1.1913645449302237,
  "sharpe": 0.30530969705512956,
  "sortino": 0.5684746760942442,
  "max_dd_pct": 2.752853200164984,
  "trades": 221.0,
  "win_rate": 34.841628959276015,
  "expectancy": 0.026259491170445563,
  "avg_trade": 0.02501252691806677,
  "exposure_pct": 3.7711888865372405
}