{
  "return_pct": -0.8291011277386338,
  "pf": 0.9210828853876303,
  "sharpe": -0.08123009531091291,
  "sortino": -0.14034718917644903,
  "max_dd_pct": 6.173310662958964,
  "trades": 123.0,
  "win_rate": 8.130081300813007,
  "expectancy": -0.006108487961309722,
  "avg_trade": -0.006817416224458306,
  "exposure_pct": 1.3045235025878823
}