{
  "return_pct": -5.976497796398587,
  "pf": 0.9188232163478002,
  "sharpe": -0.37570223520059365,
  "sortino": -0.554924498622661,
  "max_dd_pct": 7.213126258836001,
  "trades": 207.0,
  "win_rate": 29.951690821256037,
  "expectancy": -0.023287570283000762,
  "avg_trade": -0.026644196398184494,
  "exposure_pct": 8.542897273584362
}