{
  "return_pct": -4.912263243271235,
  "pf": 0.8199801002983244,
  "sharpe": -0.48148333957654466,
  "sortino": -0.6763508109883071,
  "max_dd_pct": 5.963448220974287,
  "trades": 187.0,
  "win_rate": 25.13368983957219,
  "expectancy": -0.0344756597278246,
  "avg_trade": -0.03591463452820021,
  "exposure_pct": 3.5518442268100747
}