{
  "return_pct": -7.286424263131328,
  "pf": 0.8883462309155734,
  "sharpe": -0.4675128603561307,
  "sortino": -0.6601942294868456,
  "max_dd_pct": 10.627350248612155,
  "trades": 254.0,
  "win_rate": 33.46456692913386,
  "expectancy": -0.029738919186724784,
  "avg_trade": -0.032394548803638124,
  "exposure_pct": 8.914243934350528
}