{
  "return_pct": 14.696310142049612,
  "pf": 1.729541184345116,
  "sharpe": 0.682909748297855,
  "sortino": 1.7531180617761317,
  "max_dd_pct": 4.612636983071495,
  "trades": 223.0,
  "win_rate": 10.31390134529148,
  "expectancy": 0.0646263106715347,
  "avg_trade": 0.06238031830185786,
  "exposure_pct": 4.263752332942104
}