{
  "return_pct": -4.970946228756849,
  "pf": 0.894974738884968,
  "sharpe": -0.2849774656337916,
  "sortino": -0.42105335193795446,
  "max_dd_pct": 6.983438864892955,
  "trades": 243.0,
  "win_rate": 32.92181069958848,
  "expectancy": -0.030884621330888134,
  "avg_trade": -0.03416922564318803,
  "exposure_pct": 9.68195024339561
}