{
  "return_pct": -8.687652030667046,
  "pf": 0.8587519460322592,
  "sharpe": -0.6408608924014199,
  "sortino": -0.8693760188524045,
  "max_dd_pct": 9.808742491956346,
  "trades": 248.0,
  "win_rate": 25.0,
  "expectancy": -0.03105971760390922,
  "avg_trade": -0.033486917157354856,
  "exposure_pct": 6.27441171377446
}