{
  "return_pct": 14.105184004777646,
  "pf": 1.7147532746971248,
  "sharpe": 0.6435744219002137,
  "sortino": 1.6910181938595101,
  "max_dd_pct": 4.5152339753182,
  "trades": 221.0,
  "win_rate": 9.95475113122172,
  "expectancy": 0.0634329270562757,
  "avg_trade": 0.06106618708319189,
  "exposure_pct": 4.1502318511534835
}