{
  "return_pct": -5.5001743636665745,
  "pf": 0.9878830829815317,
  "sharpe": -0.40868560103893187,
  "sortino": -0.6024791363019109,
  "max_dd_pct": 9.665659857207565,
  "trades": 223.0,
  "win_rate": 24.663677130044842,
  "expectancy": -0.0024943128932301798,
  "avg_trade": -0.005146054764337826,
  "exposure_pct": 5.851115002020279
}