{
  "return_pct": -1.6397898065870629,
  "pf": 1.1947864301641327,
  "sharpe": -0.12975459202957432,
  "sortino": -0.19453484614221642,
  "max_dd_pct": 6.833192600237981,
  "trades": 232.0,
  "win_rate": 37.06896551724138,
  "expectancy": 0.03716967445425779,
  "avg_trade": 0.03419331376406376,
  "exposure_pct": 4.829430665922691
}