{
  "return_pct": -0.00886039971029386,
  "pf": 0.9802403273769468,
  "sharpe": -0.0011391016531890077,
  "sortino": -0.002108708833072108,
  "max_dd_pct": 3.1971595370224426,
  "trades": 51.0,
  "win_rate": 17.647058823529413,
  "expectancy": -0.002614369596268317,
  "avg_trade": -0.003743099164754682,
  "exposure_pct": 0.7773266888576761
}